nom_institut,debut_enquete,fin_enquete,type,parti,intentions,media,echantillon,source
Cluster17,03/05/2022,05/05/2022,score,ExtG,1,,3498,https://cluster17.com/barometre-hebdomadaire-s18-legislatives-2022/
Cluster17,03/05/2022,05/05/2022,score,NUPES,34,,3498,https://cluster17.com/barometre-hebdomadaire-s18-legislatives-2022/
Cluster17,03/05/2022,05/05/2022,score,Ensemble,24.5,,3498,https://cluster17.com/barometre-hebdomadaire-s18-legislatives-2022/
Cluster17,03/05/2022,05/05/2022,score,LR,8.5,,3498,https://cluster17.com/barometre-hebdomadaire-s18-legislatives-2022/
Cluster17,03/05/2022,05/05/2022,score,DLF,1.5,,3498,https://cluster17.com/barometre-hebdomadaire-s18-legislatives-2022/
Cluster17,03/05/2022,05/05/2022,score,RN,19.5,,3498,https://cluster17.com/barometre-hebdomadaire-s18-legislatives-2022/
Cluster17,03/05/2022,05/05/2022,score,R,5,,3498,https://cluster17.com/barometre-hebdomadaire-s18-legislatives-2022/
Cluster17,03/05/2022,05/05/2022,score,Autre,6,,3498,https://cluster17.com/barometre-hebdomadaire-s18-legislatives-2022/
Harris,06/05/2022,09/05/2022,score,ExtG,3,Challenges,2406,https://harris-interactive.fr/opinion_polls/barometre-dintentions-de-vote-aux-elections-legislatives-de-2022-vague-47/
Harris,06/05/2022,09/05/2022,score,NUPES,28,Challenges,2406,https://harris-interactive.fr/opinion_polls/barometre-dintentions-de-vote-aux-elections-legislatives-de-2022-vague-47/
Harris,06/05/2022,09/05/2022,score,Ensemble,26,Challenges,2406,https://harris-interactive.fr/opinion_polls/barometre-dintentions-de-vote-aux-elections-legislatives-de-2022-vague-47/
Harris,06/05/2022,09/05/2022,score,LR,9,Challenges,2406,https://harris-interactive.fr/opinion_polls/barometre-dintentions-de-vote-aux-elections-legislatives-de-2022-vague-47/
Harris,06/05/2022,09/05/2022,score,DLF,1,Challenges,2406,https://harris-interactive.fr/opinion_polls/barometre-dintentions-de-vote-aux-elections-legislatives-de-2022-vague-47/
Harris,06/05/2022,09/05/2022,score,RN,24,Challenges,2406,https://harris-interactive.fr/opinion_polls/barometre-dintentions-de-vote-aux-elections-legislatives-de-2022-vague-47/
Harris,06/05/2022,09/05/2022,score,R,6,Challenges,2406,https://harris-interactive.fr/opinion_polls/barometre-dintentions-de-vote-aux-elections-legislatives-de-2022-vague-47/
Harris,06/05/2022,09/05/2022,score,Autre,3,Challenges,2406,https://harris-interactive.fr/opinion_polls/barometre-dintentions-de-vote-aux-elections-legislatives-de-2022-vague-47/
Harris,06/05/2022,09/05/2022,sieges-bas,NUPES,105,Challenges,2406,https://harris-interactive.fr/opinion_polls/barometre-dintentions-de-vote-aux-elections-legislatives-de-2022-vague-47/
Harris,06/05/2022,09/05/2022,sieges-bas,Ensemble,300,Challenges,2406,https://harris-interactive.fr/opinion_polls/barometre-dintentions-de-vote-aux-elections-legislatives-de-2022-vague-47/
Harris,06/05/2022,09/05/2022,sieges-bas,LR,30,Challenges,2406,https://harris-interactive.fr/opinion_polls/barometre-dintentions-de-vote-aux-elections-legislatives-de-2022-vague-47/
Harris,06/05/2022,09/05/2022,sieges-bas,DLF,0,Challenges,2406,https://harris-interactive.fr/opinion_polls/barometre-dintentions-de-vote-aux-elections-legislatives-de-2022-vague-47/
Harris,06/05/2022,09/05/2022,sieges-bas,RN,52,Challenges,2406,https://harris-interactive.fr/opinion_polls/barometre-dintentions-de-vote-aux-elections-legislatives-de-2022-vague-47/
Harris,06/05/2022,09/05/2022,sieges-bas,R,0,Challenges,2406,https://harris-interactive.fr/opinion_polls/barometre-dintentions-de-vote-aux-elections-legislatives-de-2022-vague-47/
Harris,06/05/2022,09/05/2022,sieges-bas,Autre,3,Challenges,2406,https://harris-interactive.fr/opinion_polls/barometre-dintentions-de-vote-aux-elections-legislatives-de-2022-vague-47/
Harris,06/05/2022,09/05/2022,sieges-haut,NUPES,168,Challenges,2406,https://harris-interactive.fr/opinion_polls/barometre-dintentions-de-vote-aux-elections-legislatives-de-2022-vague-47/
Harris,06/05/2022,09/05/2022,sieges-haut,Ensemble,350,Challenges,2406,https://harris-interactive.fr/opinion_polls/barometre-dintentions-de-vote-aux-elections-legislatives-de-2022-vague-47/
Harris,06/05/2022,09/05/2022,sieges-haut,LR,48,Challenges,2406,https://harris-interactive.fr/opinion_polls/barometre-dintentions-de-vote-aux-elections-legislatives-de-2022-vague-47/
Harris,06/05/2022,09/05/2022,sieges-haut,DLF,1,Challenges,2406,https://harris-interactive.fr/opinion_polls/barometre-dintentions-de-vote-aux-elections-legislatives-de-2022-vague-47/
Harris,06/05/2022,09/05/2022,sieges-haut,RN,80,Challenges,2406,https://harris-interactive.fr/opinion_polls/barometre-dintentions-de-vote-aux-elections-legislatives-de-2022-vague-47/
Harris,06/05/2022,09/05/2022,sieges-haut,R,2,Challenges,2406,https://harris-interactive.fr/opinion_polls/barometre-dintentions-de-vote-aux-elections-legislatives-de-2022-vague-47/
Harris,06/05/2022,09/05/2022,sieges-haut,Autre,7,Challenges,2406,https://harris-interactive.fr/opinion_polls/barometre-dintentions-de-vote-aux-elections-legislatives-de-2022-vague-47/
OpinionWay,05/05/2022,09/05/2022,score,ExtG,2,Les Echos,3077,https://www.opinion-way.com/fr/sondage-d-opinion/sondages-publies/barometre-opinionway-kea-partners-pour-les-echos-et-radio-classique-11-mai-vague-1/download.html
OpinionWay,05/05/2022,09/05/2022,score,NUPES,23,Les Echos,3077,https://www.opinion-way.com/fr/sondage-d-opinion/sondages-publies/barometre-opinionway-kea-partners-pour-les-echos-et-radio-classique-11-mai-vague-1/download.html
OpinionWay,05/05/2022,09/05/2022,score,DivEco,2,Les Echos,3077,https://www.opinion-way.com/fr/sondage-d-opinion/sondages-publies/barometre-opinionway-kea-partners-pour-les-echos-et-radio-classique-11-mai-vague-1/download.html
OpinionWay,05/05/2022,09/05/2022,score,DivG,3,Les Echos,3077,https://www.opinion-way.com/fr/sondage-d-opinion/sondages-publies/barometre-opinionway-kea-partners-pour-les-echos-et-radio-classique-11-mai-vague-1/download.html
OpinionWay,05/05/2022,09/05/2022,score,Ensemble,26,Les Echos,3077,https://www.opinion-way.com/fr/sondage-d-opinion/sondages-publies/barometre-opinionway-kea-partners-pour-les-echos-et-radio-classique-11-mai-vague-1/download.html
OpinionWay,05/05/2022,09/05/2022,score,LR,12,Les Echos,3077,https://www.opinion-way.com/fr/sondage-d-opinion/sondages-publies/barometre-opinionway-kea-partners-pour-les-echos-et-radio-classique-11-mai-vague-1/download.html
OpinionWay,05/05/2022,09/05/2022,score,DLF,2,Les Echos,3077,https://www.opinion-way.com/fr/sondage-d-opinion/sondages-publies/barometre-opinionway-kea-partners-pour-les-echos-et-radio-classique-11-mai-vague-1/download.html
OpinionWay,05/05/2022,09/05/2022,score,R,5,Les Echos,3077,https://www.opinion-way.com/fr/sondage-d-opinion/sondages-publies/barometre-opinionway-kea-partners-pour-les-echos-et-radio-classique-11-mai-vague-1/download.html
OpinionWay,05/05/2022,09/05/2022,score,RN,23,Les Echos,3077,https://www.opinion-way.com/fr/sondage-d-opinion/sondages-publies/barometre-opinionway-kea-partners-pour-les-echos-et-radio-classique-11-mai-vague-1/download.html
OpinionWay,05/05/2022,09/05/2022,score,PA,2,Les Echos,3077,https://www.opinion-way.com/fr/sondage-d-opinion/sondages-publies/barometre-opinionway-kea-partners-pour-les-echos-et-radio-classique-11-mai-vague-1/download.html
OpinionWay,05/05/2022,09/05/2022,sieges-bas,NUPES,135,Les Echos,3077,https://www.opinion-way.com/fr/sondage-d-opinion/sondages-publies/barometre-opinionway-kea-partners-pour-les-echos-et-radio-classique-11-mai-vague-1/download.html
OpinionWay,05/05/2022,09/05/2022,sieges-bas,Ensemble,310,Les Echos,3077,https://www.opinion-way.com/fr/sondage-d-opinion/sondages-publies/barometre-opinionway-kea-partners-pour-les-echos-et-radio-classique-11-mai-vague-1/download.html
OpinionWay,05/05/2022,09/05/2022,sieges-bas,LR,50,Les Echos,3077,https://www.opinion-way.com/fr/sondage-d-opinion/sondages-publies/barometre-opinionway-kea-partners-pour-les-echos-et-radio-classique-11-mai-vague-1/download.html
OpinionWay,05/05/2022,09/05/2022,sieges-bas,RN,20,Les Echos,3077,https://www.opinion-way.com/fr/sondage-d-opinion/sondages-publies/barometre-opinionway-kea-partners-pour-les-echos-et-radio-classique-11-mai-vague-1/download.html
OpinionWay,05/05/2022,09/05/2022,sieges-bas,Autre,5,Les Echos,3077,https://www.opinion-way.com/fr/sondage-d-opinion/sondages-publies/barometre-opinionway-kea-partners-pour-les-echos-et-radio-classique-11-mai-vague-1/download.html
OpinionWay,05/05/2022,09/05/2022,sieges-haut,NUPES,165,Les Echos,3077,https://www.opinion-way.com/fr/sondage-d-opinion/sondages-publies/barometre-opinionway-kea-partners-pour-les-echos-et-radio-classique-11-mai-vague-1/download.html
OpinionWay,05/05/2022,09/05/2022,sieges-haut,Ensemble,350,Les Echos,3077,https://www.opinion-way.com/fr/sondage-d-opinion/sondages-publies/barometre-opinionway-kea-partners-pour-les-echos-et-radio-classique-11-mai-vague-1/download.html
OpinionWay,05/05/2022,09/05/2022,sieges-haut,LR,70,Les Echos,3077,https://www.opinion-way.com/fr/sondage-d-opinion/sondages-publies/barometre-opinionway-kea-partners-pour-les-echos-et-radio-classique-11-mai-vague-1/download.html
OpinionWay,05/05/2022,09/05/2022,sieges-haut,RN,40,Les Echos,3077,https://www.opinion-way.com/fr/sondage-d-opinion/sondages-publies/barometre-opinionway-kea-partners-pour-les-echos-et-radio-classique-11-mai-vague-1/download.html
OpinionWay,05/05/2022,09/05/2022,sieges-haut,Autre,10,Les Echos,3077,https://www.opinion-way.com/fr/sondage-d-opinion/sondages-publies/barometre-opinionway-kea-partners-pour-les-echos-et-radio-classique-11-mai-vague-1/download.html
IFOP,06/05/2022,09/05/2022,score,ExtG,1.5,LCI,1802,https://www.ifop.com/wp-content/uploads/2022/05/119165-Rapport.pdf
IFOP,06/05/2022,09/05/2022,score,NUPES,28,LCI,1802,https://www.ifop.com/wp-content/uploads/2022/05/119165-Rapport.pdf
IFOP,06/05/2022,09/05/2022,score,Ensemble,27,LCI,1802,https://www.ifop.com/wp-content/uploads/2022/05/119165-Rapport.pdf
IFOP,06/05/2022,09/05/2022,score,LR,11,LCI,1802,https://www.ifop.com/wp-content/uploads/2022/05/119165-Rapport.pdf
IFOP,06/05/2022,09/05/2022,score,DLF,2,LCI,1802,https://www.ifop.com/wp-content/uploads/2022/05/119165-Rapport.pdf
IFOP,06/05/2022,09/05/2022,score,RN,22,LCI,1802,https://www.ifop.com/wp-content/uploads/2022/05/119165-Rapport.pdf
IFOP,06/05/2022,09/05/2022,score,R,5.5,LCI,1802,https://www.ifop.com/wp-content/uploads/2022/05/119165-Rapport.pdf
IFOP,06/05/2022,09/05/2022,score,Autre,2,LCI,1802,https://www.ifop.com/wp-content/uploads/2022/05/119165-Rapport.pdf
IFOP,10/05/2022,12/05/2022,score,ExtG,1,,2807,https://cluster17.com/barometre-hebdomadaire-s19-legislatives-2022/
IFOP,10/05/2022,12/05/2022,score,NUPES,31,,2807,https://cluster17.com/barometre-hebdomadaire-s19-legislatives-2022/
IFOP,10/05/2022,12/05/2022,score,Ensemble,27,,2807,https://cluster17.com/barometre-hebdomadaire-s19-legislatives-2022/
IFOP,10/05/2022,12/05/2022,score,LR,9.5,,2807,https://cluster17.com/barometre-hebdomadaire-s19-legislatives-2022/
IFOP,10/05/2022,12/05/2022,score,DLF,2,,2807,https://cluster17.com/barometre-hebdomadaire-s19-legislatives-2022/
IFOP,10/05/2022,12/05/2022,score,RN,19,,2807,https://cluster17.com/barometre-hebdomadaire-s19-legislatives-2022/
IFOP,10/05/2022,12/05/2022,score,R,5.5,,2807,https://cluster17.com/barometre-hebdomadaire-s19-legislatives-2022/
IFOP,10/05/2022,12/05/2022,score,Autre,5,,2807,https://cluster17.com/barometre-hebdomadaire-s19-legislatives-2022/
Harris,13/05/2022,16/05/2022,score,ExtG,3,Challenges,2393,https://harris-interactive.fr/opinion_polls/barometre-dintentions-de-vote-aux-elections-legislatives-de-2022-vague-48/
Harris,13/05/2022,16/05/2022,score,NUPES,29,Challenges,2393,https://harris-interactive.fr/opinion_polls/barometre-dintentions-de-vote-aux-elections-legislatives-de-2022-vague-48/
Harris,13/05/2022,16/05/2022,score,Ensemble,26,Challenges,2393,https://harris-interactive.fr/opinion_polls/barometre-dintentions-de-vote-aux-elections-legislatives-de-2022-vague-48/
Harris,13/05/2022,16/05/2022,score,LR,10,Challenges,2393,https://harris-interactive.fr/opinion_polls/barometre-dintentions-de-vote-aux-elections-legislatives-de-2022-vague-48/
Harris,13/05/2022,16/05/2022,score,DLF,1,Challenges,2393,https://harris-interactive.fr/opinion_polls/barometre-dintentions-de-vote-aux-elections-legislatives-de-2022-vague-48/
Harris,13/05/2022,16/05/2022,score,RN,23,Challenges,2393,https://harris-interactive.fr/opinion_polls/barometre-dintentions-de-vote-aux-elections-legislatives-de-2022-vague-48/
Harris,13/05/2022,16/05/2022,score,R,5,Challenges,2393,https://harris-interactive.fr/opinion_polls/barometre-dintentions-de-vote-aux-elections-legislatives-de-2022-vague-48/
Harris,13/05/2022,16/05/2022,score,Autre,3,Challenges,2393,https://harris-interactive.fr/opinion_polls/barometre-dintentions-de-vote-aux-elections-legislatives-de-2022-vague-48/
Harris,13/05/2022,16/05/2022,sieges-bas,NUPES,108,Challenges,2393,https://harris-interactive.fr/opinion_polls/barometre-dintentions-de-vote-aux-elections-legislatives-de-2022-vague-48/
Harris,13/05/2022,16/05/2022,sieges-bas,Ensemble,300,Challenges,2393,https://harris-interactive.fr/opinion_polls/barometre-dintentions-de-vote-aux-elections-legislatives-de-2022-vague-48/
Harris,13/05/2022,16/05/2022,sieges-bas,LR,35,Challenges,2393,https://harris-interactive.fr/opinion_polls/barometre-dintentions-de-vote-aux-elections-legislatives-de-2022-vague-48/
Harris,13/05/2022,16/05/2022,sieges-bas,DLF,0,Challenges,2393,https://harris-interactive.fr/opinion_polls/barometre-dintentions-de-vote-aux-elections-legislatives-de-2022-vague-48/
Harris,13/05/2022,16/05/2022,sieges-bas,RN,48,Challenges,2393,https://harris-interactive.fr/opinion_polls/barometre-dintentions-de-vote-aux-elections-legislatives-de-2022-vague-48/
Harris,13/05/2022,16/05/2022,sieges-bas,R,0,Challenges,2393,https://harris-interactive.fr/opinion_polls/barometre-dintentions-de-vote-aux-elections-legislatives-de-2022-vague-48/
Harris,13/05/2022,16/05/2022,sieges-bas,Autre,3,Challenges,2393,https://harris-interactive.fr/opinion_polls/barometre-dintentions-de-vote-aux-elections-legislatives-de-2022-vague-48/
Harris,13/05/2022,16/05/2022,sieges-haut,NUPES,173,Challenges,2393,https://harris-interactive.fr/opinion_polls/barometre-dintentions-de-vote-aux-elections-legislatives-de-2022-vague-48/
Harris,13/05/2022,16/05/2022,sieges-haut,Ensemble,350,Challenges,2393,https://harris-interactive.fr/opinion_polls/barometre-dintentions-de-vote-aux-elections-legislatives-de-2022-vague-48/
Harris,13/05/2022,16/05/2022,sieges-haut,LR,55,Challenges,2393,https://harris-interactive.fr/opinion_polls/barometre-dintentions-de-vote-aux-elections-legislatives-de-2022-vague-48/
Harris,13/05/2022,16/05/2022,sieges-haut,DLF,1,Challenges,2393,https://harris-interactive.fr/opinion_polls/barometre-dintentions-de-vote-aux-elections-legislatives-de-2022-vague-48/
Harris,13/05/2022,16/05/2022,sieges-haut,RN,75,Challenges,2393,https://harris-interactive.fr/opinion_polls/barometre-dintentions-de-vote-aux-elections-legislatives-de-2022-vague-48/
Harris,13/05/2022,16/05/2022,sieges-haut,R,2,Challenges,2393,https://harris-interactive.fr/opinion_polls/barometre-dintentions-de-vote-aux-elections-legislatives-de-2022-vague-48/
Harris,13/05/2022,16/05/2022,sieges-haut,Autre,7,Challenges,2393,https://harris-interactive.fr/opinion_polls/barometre-dintentions-de-vote-aux-elections-legislatives-de-2022-vague-48/
IFOP,13/05/2022,16/05/2022,score,ExtG,1.5,LCI,2026,http://www.commission-des-sondages.fr/notices/files/notices/2022/mai/9652-ifop-lci-v2-le-17-mai.pdf
IFOP,13/05/2022,16/05/2022,score,NUPES,27,LCI,2026,http://www.commission-des-sondages.fr/notices/files/notices/2022/mai/9652-ifop-lci-v2-le-17-mai.pdf
IFOP,13/05/2022,16/05/2022,score,Ensemble,26,LCI,2026,http://www.commission-des-sondages.fr/notices/files/notices/2022/mai/9652-ifop-lci-v2-le-17-mai.pdf
IFOP,13/05/2022,16/05/2022,score,LR,11,LCI,2026,http://www.commission-des-sondages.fr/notices/files/notices/2022/mai/9652-ifop-lci-v2-le-17-mai.pdf
IFOP,13/05/2022,16/05/2022,score,DLF,2.5,LCI,2026,http://www.commission-des-sondages.fr/notices/files/notices/2022/mai/9652-ifop-lci-v2-le-17-mai.pdf
IFOP,13/05/2022,16/05/2022,score,RN,23,LCI,2026,http://www.commission-des-sondages.fr/notices/files/notices/2022/mai/9652-ifop-lci-v2-le-17-mai.pdf
IFOP,13/05/2022,16/05/2022,score,R,6,LCI,2026,http://www.commission-des-sondages.fr/notices/files/notices/2022/mai/9652-ifop-lci-v2-le-17-mai.pdf
IFOP,13/05/2022,16/05/2022,score,Autre,3,LCI,2026,http://www.commission-des-sondages.fr/notices/files/notices/2022/mai/9652-ifop-lci-v2-le-17-mai.pdf
OpinionWay,14/05/2022,18/05/2022,score,ExtG,2,Les Echos,3022,https://www.opinion-way.com/fr/component/edocman/barometre-opinionway-kea-partners-pour-les-echos-et-radio-classique-18-mai-vague-2/viewdocument/2871.html?Itemid=0
OpinionWay,14/05/2022,18/05/2022,score,NUPES,24,Les Echos,3022,https://www.opinion-way.com/fr/component/edocman/barometre-opinionway-kea-partners-pour-les-echos-et-radio-classique-18-mai-vague-2/viewdocument/2871.html?Itemid=0
OpinionWay,14/05/2022,18/05/2022,score,DivEco,2,Les Echos,3022,https://www.opinion-way.com/fr/component/edocman/barometre-opinionway-kea-partners-pour-les-echos-et-radio-classique-18-mai-vague-2/viewdocument/2871.html?Itemid=0
OpinionWay,14/05/2022,18/05/2022,score,DivG,3,Les Echos,3022,https://www.opinion-way.com/fr/component/edocman/barometre-opinionway-kea-partners-pour-les-echos-et-radio-classique-18-mai-vague-2/viewdocument/2871.html?Itemid=0
OpinionWay,14/05/2022,18/05/2022,score,Ensemble,27,Les Echos,3022,https://www.opinion-way.com/fr/component/edocman/barometre-opinionway-kea-partners-pour-les-echos-et-radio-classique-18-mai-vague-2/viewdocument/2871.html?Itemid=0
OpinionWay,14/05/2022,18/05/2022,score,LR,11,Les Echos,3022,https://www.opinion-way.com/fr/component/edocman/barometre-opinionway-kea-partners-pour-les-echos-et-radio-classique-18-mai-vague-2/viewdocument/2871.html?Itemid=0
OpinionWay,14/05/2022,18/05/2022,score,DLF,2,Les Echos,3022,https://www.opinion-way.com/fr/component/edocman/barometre-opinionway-kea-partners-pour-les-echos-et-radio-classique-18-mai-vague-2/viewdocument/2871.html?Itemid=0
OpinionWay,14/05/2022,18/05/2022,score,R,5,Les Echos,3022,https://www.opinion-way.com/fr/component/edocman/barometre-opinionway-kea-partners-pour-les-echos-et-radio-classique-18-mai-vague-2/viewdocument/2871.html?Itemid=0
OpinionWay,14/05/2022,18/05/2022,score,RN,22,Les Echos,3022,https://www.opinion-way.com/fr/component/edocman/barometre-opinionway-kea-partners-pour-les-echos-et-radio-classique-18-mai-vague-2/viewdocument/2871.html?Itemid=0
OpinionWay,14/05/2022,18/05/2022,score,PA,2,Les Echos,3022,https://www.opinion-way.com/fr/component/edocman/barometre-opinionway-kea-partners-pour-les-echos-et-radio-classique-18-mai-vague-2/viewdocument/2871.html?Itemid=0
OpinionWay,14/05/2022,18/05/2022,sieges-bas,NUPES,140,Les Echos,3022,https://www.opinion-way.com/fr/component/edocman/barometre-opinionway-kea-partners-pour-les-echos-et-radio-classique-18-mai-vague-2/viewdocument/2871.html?Itemid=0
OpinionWay,14/05/2022,18/05/2022,sieges-bas,Ensemble,310,Les Echos,3022,https://www.opinion-way.com/fr/component/edocman/barometre-opinionway-kea-partners-pour-les-echos-et-radio-classique-18-mai-vague-2/viewdocument/2871.html?Itemid=0
OpinionWay,14/05/2022,18/05/2022,sieges-bas,LR,50,Les Echos,3022,https://www.opinion-way.com/fr/component/edocman/barometre-opinionway-kea-partners-pour-les-echos-et-radio-classique-18-mai-vague-2/viewdocument/2871.html?Itemid=0
OpinionWay,14/05/2022,18/05/2022,sieges-bas,RN,15,Les Echos,3022,https://www.opinion-way.com/fr/component/edocman/barometre-opinionway-kea-partners-pour-les-echos-et-radio-classique-18-mai-vague-2/viewdocument/2871.html?Itemid=0
OpinionWay,14/05/2022,18/05/2022,sieges-bas,Autre,5,Les Echos,3022,https://www.opinion-way.com/fr/component/edocman/barometre-opinionway-kea-partners-pour-les-echos-et-radio-classique-18-mai-vague-2/viewdocument/2871.html?Itemid=0
OpinionWay,14/05/2022,18/05/2022,sieges-haut,NUPES,170,Les Echos,3022,https://www.opinion-way.com/fr/component/edocman/barometre-opinionway-kea-partners-pour-les-echos-et-radio-classique-18-mai-vague-2/viewdocument/2871.html?Itemid=0
OpinionWay,14/05/2022,18/05/2022,sieges-haut,Ensemble,350,Les Echos,3022,https://www.opinion-way.com/fr/component/edocman/barometre-opinionway-kea-partners-pour-les-echos-et-radio-classique-18-mai-vague-2/viewdocument/2871.html?Itemid=0
OpinionWay,14/05/2022,18/05/2022,sieges-haut,LR,70,Les Echos,3022,https://www.opinion-way.com/fr/component/edocman/barometre-opinionway-kea-partners-pour-les-echos-et-radio-classique-18-mai-vague-2/viewdocument/2871.html?Itemid=0
OpinionWay,14/05/2022,18/05/2022,sieges-haut,RN,35,Les Echos,3022,https://www.opinion-way.com/fr/component/edocman/barometre-opinionway-kea-partners-pour-les-echos-et-radio-classique-18-mai-vague-2/viewdocument/2871.html?Itemid=0
OpinionWay,14/05/2022,18/05/2022,sieges-haut,Autre,10,Les Echos,3022,https://www.opinion-way.com/fr/component/edocman/barometre-opinionway-kea-partners-pour-les-echos-et-radio-classique-18-mai-vague-2/viewdocument/2871.html?Itemid=0
Elabe,16/05/2022,18/05/2022,score,ExtG,2,BFM,1793,https://elabe.fr/legislatives-2022-nouvelle-pm/
Elabe,16/05/2022,18/05/2022,score,NUPES,27.5,BFM,1793,https://elabe.fr/legislatives-2022-nouvelle-pm/
Elabe,16/05/2022,18/05/2022,score,Ensemble,27,BFM,1793,https://elabe.fr/legislatives-2022-nouvelle-pm/
Elabe,16/05/2022,18/05/2022,score,LR,10,BFM,1793,https://elabe.fr/legislatives-2022-nouvelle-pm/
Elabe,16/05/2022,18/05/2022,score,DLF,1,BFM,1793,https://elabe.fr/legislatives-2022-nouvelle-pm/
Elabe,16/05/2022,18/05/2022,score,RN,21.5,BFM,1793,https://elabe.fr/legislatives-2022-nouvelle-pm/
Elabe,16/05/2022,18/05/2022,score,R,5,BFM,1793,https://elabe.fr/legislatives-2022-nouvelle-pm/
Elabe,16/05/2022,18/05/2022,score,Autre,6,BFM,1793,https://elabe.fr/legislatives-2022-nouvelle-pm/
Elabe,16/05/2022,18/05/2022,sieges-bas,NUPES,160,BFM,1793,https://elabe.fr/legislatives-2022-nouvelle-pm/
Elabe,16/05/2022,18/05/2022,sieges-bas,Ensemble,290,BFM,1793,https://elabe.fr/legislatives-2022-nouvelle-pm/
Elabe,16/05/2022,18/05/2022,sieges-bas,LR,25,BFM,1793,https://elabe.fr/legislatives-2022-nouvelle-pm/
Elabe,16/05/2022,18/05/2022,sieges-bas,RN,35,BFM,1793,https://elabe.fr/legislatives-2022-nouvelle-pm/
Elabe,16/05/2022,18/05/2022,sieges-bas,Autre,5,BFM,1793,https://elabe.fr/legislatives-2022-nouvelle-pm/
Elabe,16/05/2022,18/05/2022,sieges-haut,NUPES,185,BFM,1793,https://elabe.fr/legislatives-2022-nouvelle-pm/
Elabe,16/05/2022,18/05/2022,sieges-haut,Ensemble,330,BFM,1793,https://elabe.fr/legislatives-2022-nouvelle-pm/
Elabe,16/05/2022,18/05/2022,sieges-haut,LR,50,BFM,1793,https://elabe.fr/legislatives-2022-nouvelle-pm/
Elabe,16/05/2022,18/05/2022,sieges-haut,RN,65,BFM,1793,https://elabe.fr/legislatives-2022-nouvelle-pm/
Elabe,16/05/2022,18/05/2022,sieges-haut,Autre,15,BFM,1793,https://elabe.fr/legislatives-2022-nouvelle-pm/
IPSOS,16/05/2022,19/05/2022,score,ExtG,1,Le Monde,11247,https://www.ipsos.com/fr-fr/legislatives-2022/legislatives-2022-le-point-trois-semaines-du-scrutin
IPSOS,16/05/2022,19/05/2022,score,NUPES,27,Le Monde,11247,https://www.ipsos.com/fr-fr/legislatives-2022/legislatives-2022-le-point-trois-semaines-du-scrutin
IPSOS,16/05/2022,19/05/2022,score,DivG,3,Le Monde,11247,https://www.ipsos.com/fr-fr/legislatives-2022/legislatives-2022-le-point-trois-semaines-du-scrutin
IPSOS,16/05/2022,19/05/2022,score,Ensemble,28,Le Monde,11247,https://www.ipsos.com/fr-fr/legislatives-2022/legislatives-2022-le-point-trois-semaines-du-scrutin
IPSOS,16/05/2022,19/05/2022,score,LR,9,Le Monde,11247,https://www.ipsos.com/fr-fr/legislatives-2022/legislatives-2022-le-point-trois-semaines-du-scrutin
IPSOS,16/05/2022,19/05/2022,score,DivD,1,Le Monde,11247,https://www.ipsos.com/fr-fr/legislatives-2022/legislatives-2022-le-point-trois-semaines-du-scrutin
IPSOS,16/05/2022,19/05/2022,score,DLF,1,Le Monde,11247,https://www.ipsos.com/fr-fr/legislatives-2022/legislatives-2022-le-point-trois-semaines-du-scrutin
IPSOS,16/05/2022,19/05/2022,score,RN,21,Le Monde,11247,https://www.ipsos.com/fr-fr/legislatives-2022/legislatives-2022-le-point-trois-semaines-du-scrutin
IPSOS,16/05/2022,19/05/2022,score,R,6,Le Monde,11247,https://www.ipsos.com/fr-fr/legislatives-2022/legislatives-2022-le-point-trois-semaines-du-scrutin
IPSOS,16/05/2022,19/05/2022,score,Autre,3,Le Monde,11247,https://www.ipsos.com/fr-fr/legislatives-2022/legislatives-2022-le-point-trois-semaines-du-scrutin
IPSOS,16/05/2022,19/05/2022,sieges-bas,NUPES,165,Le Monde,11247,https://www.ipsos.com/fr-fr/legislatives-2022/legislatives-2022-le-point-trois-semaines-du-scrutin
IPSOS,16/05/2022,19/05/2022,sieges-bas,Ensemble,290,Le Monde,11247,https://www.ipsos.com/fr-fr/legislatives-2022/legislatives-2022-le-point-trois-semaines-du-scrutin
IPSOS,16/05/2022,19/05/2022,sieges-bas,LR,35,Le Monde,11247,https://www.ipsos.com/fr-fr/legislatives-2022/legislatives-2022-le-point-trois-semaines-du-scrutin
IPSOS,16/05/2022,19/05/2022,sieges-bas,RN,20,Le Monde,11247,https://www.ipsos.com/fr-fr/legislatives-2022/legislatives-2022-le-point-trois-semaines-du-scrutin
IPSOS,16/05/2022,19/05/2022,sieges-bas,Autre,5,Le Monde,11247,https://www.ipsos.com/fr-fr/legislatives-2022/legislatives-2022-le-point-trois-semaines-du-scrutin
IPSOS,16/05/2022,19/05/2022,sieges-haut,NUPES,195,Le Monde,11247,https://www.ipsos.com/fr-fr/legislatives-2022/legislatives-2022-le-point-trois-semaines-du-scrutin
IPSOS,16/05/2022,19/05/2022,sieges-haut,Ensemble,330,Le Monde,11247,https://www.ipsos.com/fr-fr/legislatives-2022/legislatives-2022-le-point-trois-semaines-du-scrutin
IPSOS,16/05/2022,19/05/2022,sieges-haut,LR,65,Le Monde,11247,https://www.ipsos.com/fr-fr/legislatives-2022/legislatives-2022-le-point-trois-semaines-du-scrutin
IPSOS,16/05/2022,19/05/2022,sieges-haut,RN,45,Le Monde,11247,https://www.ipsos.com/fr-fr/legislatives-2022/legislatives-2022-le-point-trois-semaines-du-scrutin
IPSOS,16/05/2022,19/05/2022,sieges-haut,Autre,10,Le Monde,11247,https://www.ipsos.com/fr-fr/legislatives-2022/legislatives-2022-le-point-trois-semaines-du-scrutin
Cluster17,17/05/2022,19/05/2022,score,ExtG,0.5,,2788,https://cluster17.com/barometre-hebdomadaire-s20-legislatives-2022/
Cluster17,17/05/2022,19/05/2022,score,NUPES,31,,2788,https://cluster17.com/barometre-hebdomadaire-s20-legislatives-2022/
Cluster17,17/05/2022,19/05/2022,score,Ensemble,26,,2788,https://cluster17.com/barometre-hebdomadaire-s20-legislatives-2022/
Cluster17,17/05/2022,19/05/2022,score,LR,9,,2788,https://cluster17.com/barometre-hebdomadaire-s20-legislatives-2022/
Cluster17,17/05/2022,19/05/2022,score,DLF,2,,2788,https://cluster17.com/barometre-hebdomadaire-s20-legislatives-2022/
Cluster17,17/05/2022,19/05/2022,score,RN,20,,2788,https://cluster17.com/barometre-hebdomadaire-s20-legislatives-2022/
Cluster17,17/05/2022,19/05/2022,score,R,5.5,,2788,https://cluster17.com/barometre-hebdomadaire-s20-legislatives-2022/
Cluster17,17/05/2022,19/05/2022,score,Autre,6,,2788,https://cluster17.com/barometre-hebdomadaire-s20-legislatives-2022/
Harris,20/05/2022,23/05/2022,score,ExtG,3,Challenges,2331,https://harris-interactive.fr/opinion_polls/barometre-dintentions-de-vote-aux-elections-legislatives-de-2022-vague-49/
Harris,20/05/2022,23/05/2022,score,NUPES,28,Challenges,2331,https://harris-interactive.fr/opinion_polls/barometre-dintentions-de-vote-aux-elections-legislatives-de-2022-vague-49/
Harris,20/05/2022,23/05/2022,score,Ensemble,26,Challenges,2331,https://harris-interactive.fr/opinion_polls/barometre-dintentions-de-vote-aux-elections-legislatives-de-2022-vague-49/
Harris,20/05/2022,23/05/2022,score,LR,9,Challenges,2331,https://harris-interactive.fr/opinion_polls/barometre-dintentions-de-vote-aux-elections-legislatives-de-2022-vague-49/
Harris,20/05/2022,23/05/2022,score,DLF,2,Challenges,2331,https://harris-interactive.fr/opinion_polls/barometre-dintentions-de-vote-aux-elections-legislatives-de-2022-vague-49/
Harris,20/05/2022,23/05/2022,score,RN,21,Challenges,2331,https://harris-interactive.fr/opinion_polls/barometre-dintentions-de-vote-aux-elections-legislatives-de-2022-vague-49/
Harris,20/05/2022,23/05/2022,score,R,7,Challenges,2331,https://harris-interactive.fr/opinion_polls/barometre-dintentions-de-vote-aux-elections-legislatives-de-2022-vague-49/
Harris,20/05/2022,23/05/2022,score,Autre,4,Challenges,2331,https://harris-interactive.fr/opinion_polls/barometre-dintentions-de-vote-aux-elections-legislatives-de-2022-vague-49/
Harris,20/05/2022,23/05/2022,sieges-bas,NUPES,107,Challenges,2331,https://harris-interactive.fr/opinion_polls/barometre-dintentions-de-vote-aux-elections-legislatives-de-2022-vague-49/
Harris,20/05/2022,23/05/2022,sieges-bas,Ensemble,295,Challenges,2331,https://harris-interactive.fr/opinion_polls/barometre-dintentions-de-vote-aux-elections-legislatives-de-2022-vague-49/
Harris,20/05/2022,23/05/2022,sieges-bas,LR,32,Challenges,2331,https://harris-interactive.fr/opinion_polls/barometre-dintentions-de-vote-aux-elections-legislatives-de-2022-vague-49/
Harris,20/05/2022,23/05/2022,sieges-bas,DLF,0,Challenges,2331,https://harris-interactive.fr/opinion_polls/barometre-dintentions-de-vote-aux-elections-legislatives-de-2022-vague-49/
Harris,20/05/2022,23/05/2022,sieges-bas,RN,42,Challenges,2331,https://harris-interactive.fr/opinion_polls/barometre-dintentions-de-vote-aux-elections-legislatives-de-2022-vague-49/
Harris,20/05/2022,23/05/2022,sieges-bas,R,0,Challenges,2331,https://harris-interactive.fr/opinion_polls/barometre-dintentions-de-vote-aux-elections-legislatives-de-2022-vague-49/
Harris,20/05/2022,23/05/2022,sieges-bas,Autre,3,Challenges,2331,https://harris-interactive.fr/opinion_polls/barometre-dintentions-de-vote-aux-elections-legislatives-de-2022-vague-49/
Harris,20/05/2022,23/05/2022,sieges-haut,NUPES,171,Challenges,2331,https://harris-interactive.fr/opinion_polls/barometre-dintentions-de-vote-aux-elections-legislatives-de-2022-vague-49/
Harris,20/05/2022,23/05/2022,sieges-haut,Ensemble,345,Challenges,2331,https://harris-interactive.fr/opinion_polls/barometre-dintentions-de-vote-aux-elections-legislatives-de-2022-vague-49/
Harris,20/05/2022,23/05/2022,sieges-haut,LR,52,Challenges,2331,https://harris-interactive.fr/opinion_polls/barometre-dintentions-de-vote-aux-elections-legislatives-de-2022-vague-49/
Harris,20/05/2022,23/05/2022,sieges-haut,DLF,1,Challenges,2331,https://harris-interactive.fr/opinion_polls/barometre-dintentions-de-vote-aux-elections-legislatives-de-2022-vague-49/
Harris,20/05/2022,23/05/2022,sieges-haut,RN,68,Challenges,2331,https://harris-interactive.fr/opinion_polls/barometre-dintentions-de-vote-aux-elections-legislatives-de-2022-vague-49/
Harris,20/05/2022,23/05/2022,sieges-haut,R,3,Challenges,2331,https://harris-interactive.fr/opinion_polls/barometre-dintentions-de-vote-aux-elections-legislatives-de-2022-vague-49/
Harris,20/05/2022,23/05/2022,sieges-haut,Autre,7,Challenges,2331,https://harris-interactive.fr/opinion_polls/barometre-dintentions-de-vote-aux-elections-legislatives-de-2022-vague-49/
OpinionWay,19/05/2022,24/05/2022,score,ExtG,2,Les Echos,2845,https://www.opinion-way.com/fr/component/edocman/barometre-opinionway-kea-partners-pour-les-echos-et-radio-classique-25-mai-vague-3/viewdocument/2877.html?Itemid=0
OpinionWay,19/05/2022,24/05/2022,score,NUPES,25,Les Echos,2845,https://www.opinion-way.com/fr/component/edocman/barometre-opinionway-kea-partners-pour-les-echos-et-radio-classique-25-mai-vague-3/viewdocument/2877.html?Itemid=0
OpinionWay,19/05/2022,24/05/2022,score,DivEco,2,Les Echos,2845,https://www.opinion-way.com/fr/component/edocman/barometre-opinionway-kea-partners-pour-les-echos-et-radio-classique-25-mai-vague-3/viewdocument/2877.html?Itemid=0
OpinionWay,19/05/2022,24/05/2022,score,DivG,3,Les Echos,2845,https://www.opinion-way.com/fr/component/edocman/barometre-opinionway-kea-partners-pour-les-echos-et-radio-classique-25-mai-vague-3/viewdocument/2877.html?Itemid=0
OpinionWay,19/05/2022,24/05/2022,score,Ensemble,26,Les Echos,2845,https://www.opinion-way.com/fr/component/edocman/barometre-opinionway-kea-partners-pour-les-echos-et-radio-classique-25-mai-vague-3/viewdocument/2877.html?Itemid=0
OpinionWay,19/05/2022,24/05/2022,score,LR,11,Les Echos,2845,https://www.opinion-way.com/fr/component/edocman/barometre-opinionway-kea-partners-pour-les-echos-et-radio-classique-25-mai-vague-3/viewdocument/2877.html?Itemid=0
OpinionWay,19/05/2022,24/05/2022,score,DLF,3,Les Echos,2845,https://www.opinion-way.com/fr/component/edocman/barometre-opinionway-kea-partners-pour-les-echos-et-radio-classique-25-mai-vague-3/viewdocument/2877.html?Itemid=0
OpinionWay,19/05/2022,24/05/2022,score,R,5,Les Echos,2845,https://www.opinion-way.com/fr/component/edocman/barometre-opinionway-kea-partners-pour-les-echos-et-radio-classique-25-mai-vague-3/viewdocument/2877.html?Itemid=0
OpinionWay,19/05/2022,24/05/2022,score,RN,21,Les Echos,2845,https://www.opinion-way.com/fr/component/edocman/barometre-opinionway-kea-partners-pour-les-echos-et-radio-classique-25-mai-vague-3/viewdocument/2877.html?Itemid=0
OpinionWay,19/05/2022,24/05/2022,score,PA,2,Les Echos,2845,https://www.opinion-way.com/fr/component/edocman/barometre-opinionway-kea-partners-pour-les-echos-et-radio-classique-25-mai-vague-3/viewdocument/2877.html?Itemid=0
OpinionWay,19/05/2022,24/05/2022,sieges-bas,NUPES,155,Les Echos,2845,https://www.opinion-way.com/fr/component/edocman/barometre-opinionway-kea-partners-pour-les-echos-et-radio-classique-25-mai-vague-3/viewdocument/2877.html?Itemid=0
OpinionWay,19/05/2022,24/05/2022,sieges-bas,Ensemble,295,Les Echos,2845,https://www.opinion-way.com/fr/component/edocman/barometre-opinionway-kea-partners-pour-les-echos-et-radio-classique-25-mai-vague-3/viewdocument/2877.html?Itemid=0
OpinionWay,19/05/2022,24/05/2022,sieges-bas,LR,50,Les Echos,2845,https://www.opinion-way.com/fr/component/edocman/barometre-opinionway-kea-partners-pour-les-echos-et-radio-classique-25-mai-vague-3/viewdocument/2877.html?Itemid=0
OpinionWay,19/05/2022,24/05/2022,sieges-bas,RN,14,Les Echos,2845,https://www.opinion-way.com/fr/component/edocman/barometre-opinionway-kea-partners-pour-les-echos-et-radio-classique-25-mai-vague-3/viewdocument/2877.html?Itemid=0
OpinionWay,19/05/2022,24/05/2022,sieges-bas,Autre,6,Les Echos,2845,https://www.opinion-way.com/fr/component/edocman/barometre-opinionway-kea-partners-pour-les-echos-et-radio-classique-25-mai-vague-3/viewdocument/2877.html?Itemid=0
OpinionWay,19/05/2022,24/05/2022,sieges-haut,NUPES,185,Les Echos,2845,https://www.opinion-way.com/fr/component/edocman/barometre-opinionway-kea-partners-pour-les-echos-et-radio-classique-25-mai-vague-3/viewdocument/2877.html?Itemid=0
OpinionWay,19/05/2022,24/05/2022,sieges-haut,Ensemble,335,Les Echos,2845,https://www.opinion-way.com/fr/component/edocman/barometre-opinionway-kea-partners-pour-les-echos-et-radio-classique-25-mai-vague-3/viewdocument/2877.html?Itemid=0
OpinionWay,19/05/2022,24/05/2022,sieges-haut,LR,70,Les Echos,2845,https://www.opinion-way.com/fr/component/edocman/barometre-opinionway-kea-partners-pour-les-echos-et-radio-classique-25-mai-vague-3/viewdocument/2877.html?Itemid=0
OpinionWay,19/05/2022,24/05/2022,sieges-haut,RN,34,Les Echos,2845,https://www.opinion-way.com/fr/component/edocman/barometre-opinionway-kea-partners-pour-les-echos-et-radio-classique-25-mai-vague-3/viewdocument/2877.html?Itemid=0
OpinionWay,19/05/2022,24/05/2022,sieges-haut,Autre,11,Les Echos,2845,https://www.opinion-way.com/fr/component/edocman/barometre-opinionway-kea-partners-pour-les-echos-et-radio-classique-25-mai-vague-3/viewdocument/2877.html?Itemid=0
Cluster17,24/05/2022,26/05/2022,score,ExtG,0.5,,2489,https://twitter.com/Maxime_DaSilva_/status/1530083805104676865/photo/1
Cluster17,24/05/2022,26/05/2022,score,NUPES,30,,2489,https://twitter.com/Maxime_DaSilva_/status/1530083805104676865/photo/1
Cluster17,24/05/2022,26/05/2022,score,Ensemble,26,,2489,https://twitter.com/Maxime_DaSilva_/status/1530083805104676865/photo/1
Cluster17,24/05/2022,26/05/2022,score,LR,10.5,,2489,https://twitter.com/Maxime_DaSilva_/status/1530083805104676865/photo/1
Cluster17,24/05/2022,26/05/2022,score,DLF,1.5,,2489,https://twitter.com/Maxime_DaSilva_/status/1530083805104676865/photo/1
Cluster17,24/05/2022,26/05/2022,score,RN,19,,2489,https://twitter.com/Maxime_DaSilva_/status/1530083805104676865/photo/1
Cluster17,24/05/2022,26/05/2022,score,R,6,,2489,https://twitter.com/Maxime_DaSilva_/status/1530083805104676865/photo/1
Cluster17,24/05/2022,26/05/2022,score,Autre,6.5,,2489,https://twitter.com/Maxime_DaSilva_/status/1530083805104676865/photo/1
IFOP,25/05/2022,28/05/2022,score,ExtG,1,LCI,1796,https://www.tf1info.fr/politique/sondage-exclusif-legislatives-2022-la-majorite-presidentielle-passe-en-tete-des-intentions-de-vote-2221563.html
IFOP,25/05/2022,28/05/2022,score,NUPES,25,LCI,1796,https://www.tf1info.fr/politique/sondage-exclusif-legislatives-2022-la-majorite-presidentielle-passe-en-tete-des-intentions-de-vote-2221563.html
IFOP,25/05/2022,28/05/2022,score,DivG,4,LCI,1796,https://www.tf1info.fr/politique/sondage-exclusif-legislatives-2022-la-majorite-presidentielle-passe-en-tete-des-intentions-de-vote-2221563.html
IFOP,25/05/2022,28/05/2022,score,Ensemble,27,LCI,1796,https://www.tf1info.fr/politique/sondage-exclusif-legislatives-2022-la-majorite-presidentielle-passe-en-tete-des-intentions-de-vote-2221563.html
IFOP,25/05/2022,28/05/2022,score,LR,10,LCI,1796,https://www.tf1info.fr/politique/sondage-exclusif-legislatives-2022-la-majorite-presidentielle-passe-en-tete-des-intentions-de-vote-2221563.html
IFOP,25/05/2022,28/05/2022,score,DivD,1,LCI,1796,https://www.tf1info.fr/politique/sondage-exclusif-legislatives-2022-la-majorite-presidentielle-passe-en-tete-des-intentions-de-vote-2221563.html
IFOP,25/05/2022,28/05/2022,score,DLF,2,LCI,1796,https://www.tf1info.fr/politique/sondage-exclusif-legislatives-2022-la-majorite-presidentielle-passe-en-tete-des-intentions-de-vote-2221563.html
IFOP,25/05/2022,28/05/2022,score,RN,21,LCI,1796,https://www.tf1info.fr/politique/sondage-exclusif-legislatives-2022-la-majorite-presidentielle-passe-en-tete-des-intentions-de-vote-2221563.html
IFOP,25/05/2022,28/05/2022,score,R,6,LCI,1796,https://www.tf1info.fr/politique/sondage-exclusif-legislatives-2022-la-majorite-presidentielle-passe-en-tete-des-intentions-de-vote-2221563.html
IFOP,25/05/2022,28/05/2022,score,Autre,3,LCI,1796,https://www.tf1info.fr/politique/sondage-exclusif-legislatives-2022-la-majorite-presidentielle-passe-en-tete-des-intentions-de-vote-2221563.html
IFOP,25/05/2022,28/05/2022,sieges-bas,NUPES,170,LCI,1796,https://www.tf1info.fr/politique/sondage-exclusif-legislatives-2022-la-majorite-presidentielle-passe-en-tete-des-intentions-de-vote-2221563.html
IFOP,25/05/2022,28/05/2022,sieges-bas,DivG,5,LCI,1796,https://www.tf1info.fr/politique/sondage-exclusif-legislatives-2022-la-majorite-presidentielle-passe-en-tete-des-intentions-de-vote-2221563.html
IFOP,25/05/2022,28/05/2022,sieges-bas,Ensemble,275,LCI,1796,https://www.tf1info.fr/politique/sondage-exclusif-legislatives-2022-la-majorite-presidentielle-passe-en-tete-des-intentions-de-vote-2221563.html
IFOP,25/05/2022,28/05/2022,sieges-bas,LR,35,LCI,1796,https://www.tf1info.fr/politique/sondage-exclusif-legislatives-2022-la-majorite-presidentielle-passe-en-tete-des-intentions-de-vote-2221563.html
IFOP,25/05/2022,28/05/2022,sieges-bas,RN,20,LCI,1796,https://www.tf1info.fr/politique/sondage-exclusif-legislatives-2022-la-majorite-presidentielle-passe-en-tete-des-intentions-de-vote-2221563.html
IFOP,25/05/2022,28/05/2022,sieges-bas,R,1,LCI,1796,https://www.tf1info.fr/politique/sondage-exclusif-legislatives-2022-la-majorite-presidentielle-passe-en-tete-des-intentions-de-vote-2221563.html
IFOP,25/05/2022,28/05/2022,sieges-bas,Autre,8,LCI,1796,https://www.tf1info.fr/politique/sondage-exclusif-legislatives-2022-la-majorite-presidentielle-passe-en-tete-des-intentions-de-vote-2221563.html
IFOP,25/05/2022,28/05/2022,sieges-haut,NUPES,205,LCI,1796,https://www.tf1info.fr/politique/sondage-exclusif-legislatives-2022-la-majorite-presidentielle-passe-en-tete-des-intentions-de-vote-2221563.html
IFOP,25/05/2022,28/05/2022,sieges-haut,DivG,10,LCI,1796,https://www.tf1info.fr/politique/sondage-exclusif-legislatives-2022-la-majorite-presidentielle-passe-en-tete-des-intentions-de-vote-2221563.html
IFOP,25/05/2022,28/05/2022,sieges-haut,Ensemble,310,LCI,1796,https://www.tf1info.fr/politique/sondage-exclusif-legislatives-2022-la-majorite-presidentielle-passe-en-tete-des-intentions-de-vote-2221563.html
IFOP,25/05/2022,28/05/2022,sieges-haut,LR,55,LCI,1796,https://www.tf1info.fr/politique/sondage-exclusif-legislatives-2022-la-majorite-presidentielle-passe-en-tete-des-intentions-de-vote-2221563.html
IFOP,25/05/2022,28/05/2022,sieges-haut,RN,50,LCI,1796,https://www.tf1info.fr/politique/sondage-exclusif-legislatives-2022-la-majorite-presidentielle-passe-en-tete-des-intentions-de-vote-2221563.html
IFOP,25/05/2022,28/05/2022,sieges-haut,R,4,LCI,1796,https://www.tf1info.fr/politique/sondage-exclusif-legislatives-2022-la-majorite-presidentielle-passe-en-tete-des-intentions-de-vote-2221563.html
IFOP,25/05/2022,28/05/2022,sieges-haut,Autre,15,LCI,1796,https://www.tf1info.fr/politique/sondage-exclusif-legislatives-2022-la-majorite-presidentielle-passe-en-tete-des-intentions-de-vote-2221563.html
Harris,27/05/2022,30/05/2022,score,ExtG,2,Challenges,2731,https://www.challenges.fr/politique/sondage-exclusif-legislatives-2022-les-macronistes-reprennent-le-dessus-sur-la-gauche_815366?utm_medium=Social&utm_source=Twitter#Echobox=1654089722-1
Harris,27/05/2022,30/05/2022,score,NUPES,24,Challenges,2731,https://www.challenges.fr/politique/sondage-exclusif-legislatives-2022-les-macronistes-reprennent-le-dessus-sur-la-gauche_815366?utm_medium=Social&utm_source=Twitter#Echobox=1654089722-1
Harris,27/05/2022,30/05/2022,score,DivG,4,Challenges,2731,https://www.challenges.fr/politique/sondage-exclusif-legislatives-2022-les-macronistes-reprennent-le-dessus-sur-la-gauche_815366?utm_medium=Social&utm_source=Twitter#Echobox=1654089722-1
Harris,27/05/2022,30/05/2022,score,Ensemble,27,Challenges,2731,https://www.challenges.fr/politique/sondage-exclusif-legislatives-2022-les-macronistes-reprennent-le-dessus-sur-la-gauche_815366?utm_medium=Social&utm_source=Twitter#Echobox=1654089722-1
Harris,27/05/2022,30/05/2022,score,DivC,1,Challenges,2731,https://www.challenges.fr/politique/sondage-exclusif-legislatives-2022-les-macronistes-reprennent-le-dessus-sur-la-gauche_815366?utm_medium=Social&utm_source=Twitter#Echobox=1654089722-1
Harris,27/05/2022,30/05/2022,score,LR,9,Challenges,2731,https://www.challenges.fr/politique/sondage-exclusif-legislatives-2022-les-macronistes-reprennent-le-dessus-sur-la-gauche_815366?utm_medium=Social&utm_source=Twitter#Echobox=1654089722-1
Harris,27/05/2022,30/05/2022,score,DivD,1,Challenges,2731,https://www.challenges.fr/politique/sondage-exclusif-legislatives-2022-les-macronistes-reprennent-le-dessus-sur-la-gauche_815366?utm_medium=Social&utm_source=Twitter#Echobox=1654089722-1
Harris,27/05/2022,30/05/2022,score,DLF,1,Challenges,2731,https://www.challenges.fr/politique/sondage-exclusif-legislatives-2022-les-macronistes-reprennent-le-dessus-sur-la-gauche_815366?utm_medium=Social&utm_source=Twitter#Echobox=1654089722-1
Harris,27/05/2022,30/05/2022,score,RN,21,Challenges,2731,https://www.challenges.fr/politique/sondage-exclusif-legislatives-2022-les-macronistes-reprennent-le-dessus-sur-la-gauche_815366?utm_medium=Social&utm_source=Twitter#Echobox=1654089722-1
Harris,27/05/2022,30/05/2022,score,R,7,Challenges,2731,https://www.challenges.fr/politique/sondage-exclusif-legislatives-2022-les-macronistes-reprennent-le-dessus-sur-la-gauche_815366?utm_medium=Social&utm_source=Twitter#Echobox=1654089722-1
Harris,27/05/2022,30/05/2022,score,Autre,3,Challenges,2731,https://www.challenges.fr/politique/sondage-exclusif-legislatives-2022-les-macronistes-reprennent-le-dessus-sur-la-gauche_815366?utm_medium=Social&utm_source=Twitter#Echobox=1654089722-1
Harris,27/05/2022,30/05/2022,sieges-bas,NUPES,96,Challenges,2731,https://www.challenges.fr/politique/sondage-exclusif-legislatives-2022-les-macronistes-reprennent-le-dessus-sur-la-gauche_815366?utm_medium=Social&utm_source=Twitter#Echobox=1654089722-1
Harris,27/05/2022,30/05/2022,sieges-bas,DivG,0,Challenges,2731,https://www.challenges.fr/politique/sondage-exclusif-legislatives-2022-les-macronistes-reprennent-le-dessus-sur-la-gauche_815366?utm_medium=Social&utm_source=Twitter#Echobox=1654089722-1
Harris,27/05/2022,30/05/2022,sieges-bas,Ensemble,300,Challenges,2731,https://www.challenges.fr/politique/sondage-exclusif-legislatives-2022-les-macronistes-reprennent-le-dessus-sur-la-gauche_815366?utm_medium=Social&utm_source=Twitter#Echobox=1654089722-1
Harris,27/05/2022,30/05/2022,sieges-bas,DivC,0,Challenges,2731,https://www.challenges.fr/politique/sondage-exclusif-legislatives-2022-les-macronistes-reprennent-le-dessus-sur-la-gauche_815366?utm_medium=Social&utm_source=Twitter#Echobox=1654089722-1
Harris,27/05/2022,30/05/2022,sieges-bas,LR,35,Challenges,2731,https://www.challenges.fr/politique/sondage-exclusif-legislatives-2022-les-macronistes-reprennent-le-dessus-sur-la-gauche_815366?utm_medium=Social&utm_source=Twitter#Echobox=1654089722-1
Harris,27/05/2022,30/05/2022,sieges-bas,DivD,3,Challenges,2731,https://www.challenges.fr/politique/sondage-exclusif-legislatives-2022-les-macronistes-reprennent-le-dessus-sur-la-gauche_815366?utm_medium=Social&utm_source=Twitter#Echobox=1654089722-1
Harris,27/05/2022,30/05/2022,sieges-bas,DLF,0,Challenges,2731,https://www.challenges.fr/politique/sondage-exclusif-legislatives-2022-les-macronistes-reprennent-le-dessus-sur-la-gauche_815366?utm_medium=Social&utm_source=Twitter#Echobox=1654089722-1
Harris,27/05/2022,30/05/2022,sieges-bas,RN,35,Challenges,2731,https://www.challenges.fr/politique/sondage-exclusif-legislatives-2022-les-macronistes-reprennent-le-dessus-sur-la-gauche_815366?utm_medium=Social&utm_source=Twitter#Echobox=1654089722-1
Harris,27/05/2022,30/05/2022,sieges-bas,R,0,Challenges,2731,https://www.challenges.fr/politique/sondage-exclusif-legislatives-2022-les-macronistes-reprennent-le-dessus-sur-la-gauche_815366?utm_medium=Social&utm_source=Twitter#Echobox=1654089722-1
Harris,27/05/2022,30/05/2022,sieges-bas,Autre,3,Challenges,2731,https://www.challenges.fr/politique/sondage-exclusif-legislatives-2022-les-macronistes-reprennent-le-dessus-sur-la-gauche_815366?utm_medium=Social&utm_source=Twitter#Echobox=1654089722-1
Harris,27/05/2022,30/05/2022,sieges-haut,NUPES,160,Challenges,2731,https://www.challenges.fr/politique/sondage-exclusif-legislatives-2022-les-macronistes-reprennent-le-dessus-sur-la-gauche_815366?utm_medium=Social&utm_source=Twitter#Echobox=1654089722-1
Harris,27/05/2022,30/05/2022,sieges-haut,DivG,6,Challenges,2731,https://www.challenges.fr/politique/sondage-exclusif-legislatives-2022-les-macronistes-reprennent-le-dessus-sur-la-gauche_815366?utm_medium=Social&utm_source=Twitter#Echobox=1654089722-1
Harris,27/05/2022,30/05/2022,sieges-haut,Ensemble,350,Challenges,2731,https://www.challenges.fr/politique/sondage-exclusif-legislatives-2022-les-macronistes-reprennent-le-dessus-sur-la-gauche_815366?utm_medium=Social&utm_source=Twitter#Echobox=1654089722-1
Harris,27/05/2022,30/05/2022,sieges-haut,DivC,1,Challenges,2731,https://www.challenges.fr/politique/sondage-exclusif-legislatives-2022-les-macronistes-reprennent-le-dessus-sur-la-gauche_815366?utm_medium=Social&utm_source=Twitter#Echobox=1654089722-1
Harris,27/05/2022,30/05/2022,sieges-haut,LR,55,Challenges,2731,https://www.challenges.fr/politique/sondage-exclusif-legislatives-2022-les-macronistes-reprennent-le-dessus-sur-la-gauche_815366?utm_medium=Social&utm_source=Twitter#Echobox=1654089722-1
Harris,27/05/2022,30/05/2022,sieges-haut,DivD,8,Challenges,2731,https://www.challenges.fr/politique/sondage-exclusif-legislatives-2022-les-macronistes-reprennent-le-dessus-sur-la-gauche_815366?utm_medium=Social&utm_source=Twitter#Echobox=1654089722-1
Harris,27/05/2022,30/05/2022,sieges-haut,DLF,1,Challenges,2731,https://www.challenges.fr/politique/sondage-exclusif-legislatives-2022-les-macronistes-reprennent-le-dessus-sur-la-gauche_815366?utm_medium=Social&utm_source=Twitter#Echobox=1654089722-1
Harris,27/05/2022,30/05/2022,sieges-haut,RN,55,Challenges,2731,https://www.challenges.fr/politique/sondage-exclusif-legislatives-2022-les-macronistes-reprennent-le-dessus-sur-la-gauche_815366?utm_medium=Social&utm_source=Twitter#Echobox=1654089722-1
Harris,27/05/2022,30/05/2022,sieges-haut,R,3,Challenges,2731,https://www.challenges.fr/politique/sondage-exclusif-legislatives-2022-les-macronistes-reprennent-le-dessus-sur-la-gauche_815366?utm_medium=Social&utm_source=Twitter#Echobox=1654089722-1
Harris,27/05/2022,30/05/2022,sieges-haut,Autre,8,Challenges,2731,https://www.challenges.fr/politique/sondage-exclusif-legislatives-2022-les-macronistes-reprennent-le-dessus-sur-la-gauche_815366?utm_medium=Social&utm_source=Twitter#Echobox=1654089722-1
Elabe,30/05/2022,01/06/2022,score,ExtG,1.5,BFM,2000,https://www.lexpress.fr/actualite/politique/sondage-exclusif-legislatives-la-nupes-et-la-majorite-sortante-dans-un-mouchoir-de-poche_2174445.html
Elabe,30/05/2022,01/06/2022,score,NUPES,25,BFM,2000,https://www.lexpress.fr/actualite/politique/sondage-exclusif-legislatives-la-nupes-et-la-majorite-sortante-dans-un-mouchoir-de-poche_2174445.html
Elabe,30/05/2022,01/06/2022,score,DivG,2.5,BFM,2000,https://www.lexpress.fr/actualite/politique/sondage-exclusif-legislatives-la-nupes-et-la-majorite-sortante-dans-un-mouchoir-de-poche_2174445.html
Elabe,30/05/2022,01/06/2022,score,Ensemble,24.5,BFM,2000,https://www.lexpress.fr/actualite/politique/sondage-exclusif-legislatives-la-nupes-et-la-majorite-sortante-dans-un-mouchoir-de-poche_2174445.html
Elabe,30/05/2022,01/06/2022,score,LR,12.5,BFM,2000,https://www.lexpress.fr/actualite/politique/sondage-exclusif-legislatives-la-nupes-et-la-majorite-sortante-dans-un-mouchoir-de-poche_2174445.html
Elabe,30/05/2022,01/06/2022,score,DivD,1.5,BFM,2000,https://www.lexpress.fr/actualite/politique/sondage-exclusif-legislatives-la-nupes-et-la-majorite-sortante-dans-un-mouchoir-de-poche_2174445.html
Elabe,30/05/2022,01/06/2022,score,DLF,1.5,BFM,2000,https://www.lexpress.fr/actualite/politique/sondage-exclusif-legislatives-la-nupes-et-la-majorite-sortante-dans-un-mouchoir-de-poche_2174445.html
Elabe,30/05/2022,01/06/2022,score,RN,22,BFM,2000,https://www.lexpress.fr/actualite/politique/sondage-exclusif-legislatives-la-nupes-et-la-majorite-sortante-dans-un-mouchoir-de-poche_2174445.html
Elabe,30/05/2022,01/06/2022,score,R,4.5,BFM,2000,https://www.lexpress.fr/actualite/politique/sondage-exclusif-legislatives-la-nupes-et-la-majorite-sortante-dans-un-mouchoir-de-poche_2174445.html
Elabe,30/05/2022,01/06/2022,score,Autre,4.5,BFM,2000,https://www.lexpress.fr/actualite/politique/sondage-exclusif-legislatives-la-nupes-et-la-majorite-sortante-dans-un-mouchoir-de-poche_2174445.html
Elabe,30/05/2022,01/06/2022,sieges-bas,NUPES,155,BFM,2000,https://www.lexpress.fr/actualite/politique/sondage-exclusif-legislatives-la-nupes-et-la-majorite-sortante-dans-un-mouchoir-de-poche_2174445.html
Elabe,30/05/2022,01/06/2022,sieges-bas,Ensemble,275,BFM,2000,https://www.lexpress.fr/actualite/politique/sondage-exclusif-legislatives-la-nupes-et-la-majorite-sortante-dans-un-mouchoir-de-poche_2174445.html
Elabe,30/05/2022,01/06/2022,sieges-bas,LR,40,BFM,2000,https://www.lexpress.fr/actualite/politique/sondage-exclusif-legislatives-la-nupes-et-la-majorite-sortante-dans-un-mouchoir-de-poche_2174445.html
Elabe,30/05/2022,01/06/2022,sieges-bas,RN,35,BFM,2000,https://www.lexpress.fr/actualite/politique/sondage-exclusif-legislatives-la-nupes-et-la-majorite-sortante-dans-un-mouchoir-de-poche_2174445.html
Elabe,30/05/2022,01/06/2022,sieges-bas,Autre,10,BFM,2000,https://www.lexpress.fr/actualite/politique/sondage-exclusif-legislatives-la-nupes-et-la-majorite-sortante-dans-un-mouchoir-de-poche_2174445.html
Elabe,30/05/2022,01/06/2022,sieges-haut,NUPES,180,BFM,2000,https://www.lexpress.fr/actualite/politique/sondage-exclusif-legislatives-la-nupes-et-la-majorite-sortante-dans-un-mouchoir-de-poche_2174445.html
Elabe,30/05/2022,01/06/2022,sieges-haut,Ensemble,315,BFM,2000,https://www.lexpress.fr/actualite/politique/sondage-exclusif-legislatives-la-nupes-et-la-majorite-sortante-dans-un-mouchoir-de-poche_2174445.html
Elabe,30/05/2022,01/06/2022,sieges-haut,LR,65,BFM,2000,https://www.lexpress.fr/actualite/politique/sondage-exclusif-legislatives-la-nupes-et-la-majorite-sortante-dans-un-mouchoir-de-poche_2174445.html
Elabe,30/05/2022,01/06/2022,sieges-haut,RN,65,BFM,2000,https://www.lexpress.fr/actualite/politique/sondage-exclusif-legislatives-la-nupes-et-la-majorite-sortante-dans-un-mouchoir-de-poche_2174445.html
Elabe,30/05/2022,01/06/2022,sieges-haut,Autre,15,BFM,2000,https://www.lexpress.fr/actualite/politique/sondage-exclusif-legislatives-la-nupes-et-la-majorite-sortante-dans-un-mouchoir-de-poche_2174445.html
Cluster17,30/05/2022,01/06/2022,score,ExtG,1,,2459,https://twitter.com/2022Elections/status/1532623861732220928
Cluster17,30/05/2022,01/06/2022,score,NUPES,31,,2459,https://twitter.com/2022Elections/status/1532623861732220928
Cluster17,30/05/2022,01/06/2022,score,Ensemble,27,,2459,https://twitter.com/2022Elections/status/1532623861732220928
Cluster17,30/05/2022,01/06/2022,score,LR,10,,2459,https://twitter.com/2022Elections/status/1532623861732220928
Cluster17,30/05/2022,01/06/2022,score,DLF,2,,2459,https://twitter.com/2022Elections/status/1532623861732220928
Cluster17,30/05/2022,01/06/2022,score,RN,19,,2459,https://twitter.com/2022Elections/status/1532623861732220928
Cluster17,30/05/2022,01/06/2022,score,R,5,,2459,https://twitter.com/2022Elections/status/1532623861732220928
Cluster17,30/05/2022,01/06/2022,score,Autre,6,,2459,https://twitter.com/2022Elections/status/1532623861732220928
Harris,03/06/2022,06/06/2022,score,ExtG,2,Challenges,2355,http://harris-interactive.fr/wp-content/uploads/sites/6/2022/06/Rapport-Harris-Interactive-Toluna-V51-Intentions-de-vote-Legislatives-2022-Challenges.pdf
Harris,03/06/2022,06/06/2022,score,NUPES,24,Challenges,2355,http://harris-interactive.fr/wp-content/uploads/sites/6/2022/06/Rapport-Harris-Interactive-Toluna-V51-Intentions-de-vote-Legislatives-2022-Challenges.pdf
Harris,03/06/2022,06/06/2022,score,DivG,5,Challenges,2355,http://harris-interactive.fr/wp-content/uploads/sites/6/2022/06/Rapport-Harris-Interactive-Toluna-V51-Intentions-de-vote-Legislatives-2022-Challenges.pdf
Harris,03/06/2022,06/06/2022,score,Ensemble,26,Challenges,2355,http://harris-interactive.fr/wp-content/uploads/sites/6/2022/06/Rapport-Harris-Interactive-Toluna-V51-Intentions-de-vote-Legislatives-2022-Challenges.pdf
Harris,03/06/2022,06/06/2022,score,DivC,1,Challenges,2355,http://harris-interactive.fr/wp-content/uploads/sites/6/2022/06/Rapport-Harris-Interactive-Toluna-V51-Intentions-de-vote-Legislatives-2022-Challenges.pdf
Harris,03/06/2022,06/06/2022,score,LR,10,Challenges,2355,http://harris-interactive.fr/wp-content/uploads/sites/6/2022/06/Rapport-Harris-Interactive-Toluna-V51-Intentions-de-vote-Legislatives-2022-Challenges.pdf
Harris,03/06/2022,06/06/2022,score,DivD,1,Challenges,2355,http://harris-interactive.fr/wp-content/uploads/sites/6/2022/06/Rapport-Harris-Interactive-Toluna-V51-Intentions-de-vote-Legislatives-2022-Challenges.pdf
Harris,03/06/2022,06/06/2022,score,DLF,2,Challenges,2355,http://harris-interactive.fr/wp-content/uploads/sites/6/2022/06/Rapport-Harris-Interactive-Toluna-V51-Intentions-de-vote-Legislatives-2022-Challenges.pdf
Harris,03/06/2022,06/06/2022,score,RN,20,Challenges,2355,http://harris-interactive.fr/wp-content/uploads/sites/6/2022/06/Rapport-Harris-Interactive-Toluna-V51-Intentions-de-vote-Legislatives-2022-Challenges.pdf
Harris,03/06/2022,06/06/2022,score,R,6,Challenges,2355,http://harris-interactive.fr/wp-content/uploads/sites/6/2022/06/Rapport-Harris-Interactive-Toluna-V51-Intentions-de-vote-Legislatives-2022-Challenges.pdf
Harris,03/06/2022,06/06/2022,score,Autre,3,Challenges,2355,http://harris-interactive.fr/wp-content/uploads/sites/6/2022/06/Rapport-Harris-Interactive-Toluna-V51-Intentions-de-vote-Legislatives-2022-Challenges.pdf
Harris,03/06/2022,06/06/2022,sieges-bas,NUPES,120,Challenges,2355,http://harris-interactive.fr/wp-content/uploads/sites/6/2022/06/Rapport-Harris-Interactive-Toluna-V51-Intentions-de-vote-Legislatives-2022-Challenges.pdf
Harris,03/06/2022,06/06/2022,sieges-bas,Ensemble,285,Challenges,2355,http://harris-interactive.fr/wp-content/uploads/sites/6/2022/06/Rapport-Harris-Interactive-Toluna-V51-Intentions-de-vote-Legislatives-2022-Challenges.pdf
Harris,03/06/2022,06/06/2022,sieges-bas,LR,35,Challenges,2355,http://harris-interactive.fr/wp-content/uploads/sites/6/2022/06/Rapport-Harris-Interactive-Toluna-V51-Intentions-de-vote-Legislatives-2022-Challenges.pdf
Harris,03/06/2022,06/06/2022,sieges-bas,RN,30,Challenges,2355,http://harris-interactive.fr/wp-content/uploads/sites/6/2022/06/Rapport-Harris-Interactive-Toluna-V51-Intentions-de-vote-Legislatives-2022-Challenges.pdf
Harris,03/06/2022,06/06/2022,sieges-bas,R,0,Challenges,2355,http://harris-interactive.fr/wp-content/uploads/sites/6/2022/06/Rapport-Harris-Interactive-Toluna-V51-Intentions-de-vote-Legislatives-2022-Challenges.pdf
Harris,03/06/2022,06/06/2022,sieges-bas,Autre,6,Challenges,2355,http://harris-interactive.fr/wp-content/uploads/sites/6/2022/06/Rapport-Harris-Interactive-Toluna-V51-Intentions-de-vote-Legislatives-2022-Challenges.pdf
Harris,03/06/2022,06/06/2022,sieges-haut,NUPES,184,Challenges,2355,http://harris-interactive.fr/wp-content/uploads/sites/6/2022/06/Rapport-Harris-Interactive-Toluna-V51-Intentions-de-vote-Legislatives-2022-Challenges.pdf
Harris,03/06/2022,06/06/2022,sieges-haut,Ensemble,335,Challenges,2355,http://harris-interactive.fr/wp-content/uploads/sites/6/2022/06/Rapport-Harris-Interactive-Toluna-V51-Intentions-de-vote-Legislatives-2022-Challenges.pdf
Harris,03/06/2022,06/06/2022,sieges-haut,LR,58,Challenges,2355,http://harris-interactive.fr/wp-content/uploads/sites/6/2022/06/Rapport-Harris-Interactive-Toluna-V51-Intentions-de-vote-Legislatives-2022-Challenges.pdf
Harris,03/06/2022,06/06/2022,sieges-haut,RN,50,Challenges,2355,http://harris-interactive.fr/wp-content/uploads/sites/6/2022/06/Rapport-Harris-Interactive-Toluna-V51-Intentions-de-vote-Legislatives-2022-Challenges.pdf
Harris,03/06/2022,06/06/2022,sieges-haut,R,3,Challenges,2355,http://harris-interactive.fr/wp-content/uploads/sites/6/2022/06/Rapport-Harris-Interactive-Toluna-V51-Intentions-de-vote-Legislatives-2022-Challenges.pdf
Harris,03/06/2022,06/06/2022,sieges-haut,Autre,19,Challenges,2355,http://harris-interactive.fr/wp-content/uploads/sites/6/2022/06/Rapport-Harris-Interactive-Toluna-V51-Intentions-de-vote-Legislatives-2022-Challenges.pdf
IFOP,03/06/2022,06/06/2022,score,ExtG,1,LCI,1840,https://www.tf1info.fr/politique/sondage-exclusif-lci-tf1-elections-legislatives-2022-l-union-de-gauche-nupes-de-melenchon-repasse-devant-ensemble-parti-larem-de-la-majorite-de-macron-2222326.html?utm_medium=Social&utm_source=Twitter&Echobox=1654614113#xtor=CS5-113
IFOP,03/06/2022,06/06/2022,score,NUPES,26,LCI,1840,https://www.tf1info.fr/politique/sondage-exclusif-lci-tf1-elections-legislatives-2022-l-union-de-gauche-nupes-de-melenchon-repasse-devant-ensemble-parti-larem-de-la-majorite-de-macron-2222326.html?utm_medium=Social&utm_source=Twitter&Echobox=1654614113#xtor=CS5-113
IFOP,03/06/2022,06/06/2022,score,DivG,3.5,LCI,1840,https://www.tf1info.fr/politique/sondage-exclusif-lci-tf1-elections-legislatives-2022-l-union-de-gauche-nupes-de-melenchon-repasse-devant-ensemble-parti-larem-de-la-majorite-de-macron-2222326.html?utm_medium=Social&utm_source=Twitter&Echobox=1654614113#xtor=CS5-113
IFOP,03/06/2022,06/06/2022,score,Ensemble,25,LCI,1840,https://www.tf1info.fr/politique/sondage-exclusif-lci-tf1-elections-legislatives-2022-l-union-de-gauche-nupes-de-melenchon-repasse-devant-ensemble-parti-larem-de-la-majorite-de-macron-2222326.html?utm_medium=Social&utm_source=Twitter&Echobox=1654614113#xtor=CS5-113
IFOP,03/06/2022,06/06/2022,score,LR,11,LCI,1840,https://www.tf1info.fr/politique/sondage-exclusif-lci-tf1-elections-legislatives-2022-l-union-de-gauche-nupes-de-melenchon-repasse-devant-ensemble-parti-larem-de-la-majorite-de-macron-2222326.html?utm_medium=Social&utm_source=Twitter&Echobox=1654614113#xtor=CS5-113
IFOP,03/06/2022,06/06/2022,score,DivD,2,LCI,1840,https://www.tf1info.fr/politique/sondage-exclusif-lci-tf1-elections-legislatives-2022-l-union-de-gauche-nupes-de-melenchon-repasse-devant-ensemble-parti-larem-de-la-majorite-de-macron-2222326.html?utm_medium=Social&utm_source=Twitter&Echobox=1654614113#xtor=CS5-113
IFOP,03/06/2022,06/06/2022,score,DLF,1,LCI,1840,https://www.tf1info.fr/politique/sondage-exclusif-lci-tf1-elections-legislatives-2022-l-union-de-gauche-nupes-de-melenchon-repasse-devant-ensemble-parti-larem-de-la-majorite-de-macron-2222326.html?utm_medium=Social&utm_source=Twitter&Echobox=1654614113#xtor=CS5-113
IFOP,03/06/2022,06/06/2022,score,RN,21,LCI,1840,https://www.tf1info.fr/politique/sondage-exclusif-lci-tf1-elections-legislatives-2022-l-union-de-gauche-nupes-de-melenchon-repasse-devant-ensemble-parti-larem-de-la-majorite-de-macron-2222326.html?utm_medium=Social&utm_source=Twitter&Echobox=1654614113#xtor=CS5-113
IFOP,03/06/2022,06/06/2022,score,R,5,LCI,1840,https://www.tf1info.fr/politique/sondage-exclusif-lci-tf1-elections-legislatives-2022-l-union-de-gauche-nupes-de-melenchon-repasse-devant-ensemble-parti-larem-de-la-majorite-de-macron-2222326.html?utm_medium=Social&utm_source=Twitter&Echobox=1654614113#xtor=CS5-113
IFOP,03/06/2022,06/06/2022,score,Autre,4.5,LCI,1840,https://www.tf1info.fr/politique/sondage-exclusif-lci-tf1-elections-legislatives-2022-l-union-de-gauche-nupes-de-melenchon-repasse-devant-ensemble-parti-larem-de-la-majorite-de-macron-2222326.html?utm_medium=Social&utm_source=Twitter&Echobox=1654614113#xtor=CS5-113
IFOP,03/06/2022,06/06/2022,sieges-bas,NUPES,195,LCI,1840,https://www.tf1info.fr/politique/sondage-exclusif-lci-tf1-elections-legislatives-2022-l-union-de-gauche-nupes-de-melenchon-repasse-devant-ensemble-parti-larem-de-la-majorite-de-macron-2222326.html?utm_medium=Social&utm_source=Twitter&Echobox=1654614113#xtor=CS5-113
IFOP,03/06/2022,06/06/2022,sieges-bas,DivG,4,LCI,1840,https://www.tf1info.fr/politique/sondage-exclusif-lci-tf1-elections-legislatives-2022-l-union-de-gauche-nupes-de-melenchon-repasse-devant-ensemble-parti-larem-de-la-majorite-de-macron-2222326.html?utm_medium=Social&utm_source=Twitter&Echobox=1654614113#xtor=CS5-113
IFOP,03/06/2022,06/06/2022,sieges-bas,Ensemble,250,LCI,1840,https://www.tf1info.fr/politique/sondage-exclusif-lci-tf1-elections-legislatives-2022-l-union-de-gauche-nupes-de-melenchon-repasse-devant-ensemble-parti-larem-de-la-majorite-de-macron-2222326.html?utm_medium=Social&utm_source=Twitter&Echobox=1654614113#xtor=CS5-113
IFOP,03/06/2022,06/06/2022,sieges-bas,LR,40,LCI,1840,https://www.tf1info.fr/politique/sondage-exclusif-lci-tf1-elections-legislatives-2022-l-union-de-gauche-nupes-de-melenchon-repasse-devant-ensemble-parti-larem-de-la-majorite-de-macron-2222326.html?utm_medium=Social&utm_source=Twitter&Echobox=1654614113#xtor=CS5-113
IFOP,03/06/2022,06/06/2022,sieges-bas,RN,20,LCI,1840,https://www.tf1info.fr/politique/sondage-exclusif-lci-tf1-elections-legislatives-2022-l-union-de-gauche-nupes-de-melenchon-repasse-devant-ensemble-parti-larem-de-la-majorite-de-macron-2222326.html?utm_medium=Social&utm_source=Twitter&Echobox=1654614113#xtor=CS5-113
IFOP,03/06/2022,06/06/2022,sieges-bas,R,0,LCI,1840,https://www.tf1info.fr/politique/sondage-exclusif-lci-tf1-elections-legislatives-2022-l-union-de-gauche-nupes-de-melenchon-repasse-devant-ensemble-parti-larem-de-la-majorite-de-macron-2222326.html?utm_medium=Social&utm_source=Twitter&Echobox=1654614113#xtor=CS5-113
IFOP,03/06/2022,06/06/2022,sieges-bas,Autre,6,LCI,1840,https://www.tf1info.fr/politique/sondage-exclusif-lci-tf1-elections-legislatives-2022-l-union-de-gauche-nupes-de-melenchon-repasse-devant-ensemble-parti-larem-de-la-majorite-de-macron-2222326.html?utm_medium=Social&utm_source=Twitter&Echobox=1654614113#xtor=CS5-113
IFOP,03/06/2022,06/06/2022,sieges-haut,NUPES,230,LCI,1840,https://www.tf1info.fr/politique/sondage-exclusif-lci-tf1-elections-legislatives-2022-l-union-de-gauche-nupes-de-melenchon-repasse-devant-ensemble-parti-larem-de-la-majorite-de-macron-2222326.html?utm_medium=Social&utm_source=Twitter&Echobox=1654614113#xtor=CS5-113
IFOP,03/06/2022,06/06/2022,sieges-haut,DivG,8,LCI,1840,https://www.tf1info.fr/politique/sondage-exclusif-lci-tf1-elections-legislatives-2022-l-union-de-gauche-nupes-de-melenchon-repasse-devant-ensemble-parti-larem-de-la-majorite-de-macron-2222326.html?utm_medium=Social&utm_source=Twitter&Echobox=1654614113#xtor=CS5-113
IFOP,03/06/2022,06/06/2022,sieges-haut,Ensemble,290,LCI,1840,https://www.tf1info.fr/politique/sondage-exclusif-lci-tf1-elections-legislatives-2022-l-union-de-gauche-nupes-de-melenchon-repasse-devant-ensemble-parti-larem-de-la-majorite-de-macron-2222326.html?utm_medium=Social&utm_source=Twitter&Echobox=1654614113#xtor=CS5-113
IFOP,03/06/2022,06/06/2022,sieges-haut,LR,55,LCI,1840,https://www.tf1info.fr/politique/sondage-exclusif-lci-tf1-elections-legislatives-2022-l-union-de-gauche-nupes-de-melenchon-repasse-devant-ensemble-parti-larem-de-la-majorite-de-macron-2222326.html?utm_medium=Social&utm_source=Twitter&Echobox=1654614113#xtor=CS5-113
IFOP,03/06/2022,06/06/2022,sieges-haut,RN,45,LCI,1840,https://www.tf1info.fr/politique/sondage-exclusif-lci-tf1-elections-legislatives-2022-l-union-de-gauche-nupes-de-melenchon-repasse-devant-ensemble-parti-larem-de-la-majorite-de-macron-2222326.html?utm_medium=Social&utm_source=Twitter&Echobox=1654614113#xtor=CS5-113
IFOP,03/06/2022,06/06/2022,sieges-haut,R,2,LCI,1840,https://www.tf1info.fr/politique/sondage-exclusif-lci-tf1-elections-legislatives-2022-l-union-de-gauche-nupes-de-melenchon-repasse-devant-ensemble-parti-larem-de-la-majorite-de-macron-2222326.html?utm_medium=Social&utm_source=Twitter&Echobox=1654614113#xtor=CS5-113
IFOP,03/06/2022,06/06/2022,sieges-haut,Autre,12,LCI,1840,https://www.tf1info.fr/politique/sondage-exclusif-lci-tf1-elections-legislatives-2022-l-union-de-gauche-nupes-de-melenchon-repasse-devant-ensemble-parti-larem-de-la-majorite-de-macron-2222326.html?utm_medium=Social&utm_source=Twitter&Echobox=1654614113#xtor=CS5-113
IPSOS,03/06/2022,06/06/2022,score,ExtG,1,Le Monde,11247,https://www.ipsos.com/sites/default/files/ct/news/documents/2022-06/Rapport%20Ipsos_CEVIPOF%20LEMONDE%20FJJ%20_Enque%CC%82te%20e%CC%81lectorale%202022%20vague%203-6%20juin%202022.pdf
IPSOS,03/06/2022,06/06/2022,score,NUPES,27.5,Le Monde,11247,https://www.ipsos.com/sites/default/files/ct/news/documents/2022-06/Rapport%20Ipsos_CEVIPOF%20LEMONDE%20FJJ%20_Enque%CC%82te%20e%CC%81lectorale%202022%20vague%203-6%20juin%202022.pdf
IPSOS,03/06/2022,06/06/2022,score,DivG,2,Le Monde,11247,https://www.ipsos.com/sites/default/files/ct/news/documents/2022-06/Rapport%20Ipsos_CEVIPOF%20LEMONDE%20FJJ%20_Enque%CC%82te%20e%CC%81lectorale%202022%20vague%203-6%20juin%202022.pdf
IPSOS,03/06/2022,06/06/2022,score,DivEco,2.5,Le Monde,11247,https://www.ipsos.com/sites/default/files/ct/news/documents/2022-06/Rapport%20Ipsos_CEVIPOF%20LEMONDE%20FJJ%20_Enque%CC%82te%20e%CC%81lectorale%202022%20vague%203-6%20juin%202022.pdf
IPSOS,03/06/2022,06/06/2022,score,Ensemble,28,Le Monde,11247,https://www.ipsos.com/sites/default/files/ct/news/documents/2022-06/Rapport%20Ipsos_CEVIPOF%20LEMONDE%20FJJ%20_Enque%CC%82te%20e%CC%81lectorale%202022%20vague%203-6%20juin%202022.pdf
IPSOS,03/06/2022,06/06/2022,score,DivC,0.5,Le Monde,11247,https://www.ipsos.com/sites/default/files/ct/news/documents/2022-06/Rapport%20Ipsos_CEVIPOF%20LEMONDE%20FJJ%20_Enque%CC%82te%20e%CC%81lectorale%202022%20vague%203-6%20juin%202022.pdf
IPSOS,03/06/2022,06/06/2022,score,LR,11,Le Monde,11247,https://www.ipsos.com/sites/default/files/ct/news/documents/2022-06/Rapport%20Ipsos_CEVIPOF%20LEMONDE%20FJJ%20_Enque%CC%82te%20e%CC%81lectorale%202022%20vague%203-6%20juin%202022.pdf
IPSOS,03/06/2022,06/06/2022,score,DLF,1,Le Monde,11247,https://www.ipsos.com/sites/default/files/ct/news/documents/2022-06/Rapport%20Ipsos_CEVIPOF%20LEMONDE%20FJJ%20_Enque%CC%82te%20e%CC%81lectorale%202022%20vague%203-6%20juin%202022.pdf
IPSOS,03/06/2022,06/06/2022,score,RN,20,Le Monde,11247,https://www.ipsos.com/sites/default/files/ct/news/documents/2022-06/Rapport%20Ipsos_CEVIPOF%20LEMONDE%20FJJ%20_Enque%CC%82te%20e%CC%81lectorale%202022%20vague%203-6%20juin%202022.pdf
IPSOS,03/06/2022,06/06/2022,score,R,5.5,Le Monde,11247,https://www.ipsos.com/sites/default/files/ct/news/documents/2022-06/Rapport%20Ipsos_CEVIPOF%20LEMONDE%20FJJ%20_Enque%CC%82te%20e%CC%81lectorale%202022%20vague%203-6%20juin%202022.pdf
IPSOS,03/06/2022,06/06/2022,score,Autre,1,Le Monde,11247,https://www.ipsos.com/sites/default/files/ct/news/documents/2022-06/Rapport%20Ipsos_CEVIPOF%20LEMONDE%20FJJ%20_Enque%CC%82te%20e%CC%81lectorale%202022%20vague%203-6%20juin%202022.pdf
IPSOS,03/06/2022,06/06/2022,sieges-bas,NUPES,160,Le Monde,11247,https://www.ipsos.com/sites/default/files/ct/news/documents/2022-06/Rapport%20Ipsos_CEVIPOF%20LEMONDE%20FJJ%20_Enque%CC%82te%20e%CC%81lectorale%202022%20vague%203-6%20juin%202022.pdf
IPSOS,03/06/2022,06/06/2022,sieges-bas,DivG,8,Le Monde,11247,https://www.ipsos.com/sites/default/files/ct/news/documents/2022-06/Rapport%20Ipsos_CEVIPOF%20LEMONDE%20FJJ%20_Enque%CC%82te%20e%CC%81lectorale%202022%20vague%203-6%20juin%202022.pdf
IPSOS,03/06/2022,06/06/2022,sieges-bas,Ensemble,275,Le Monde,11247,https://www.ipsos.com/sites/default/files/ct/news/documents/2022-06/Rapport%20Ipsos_CEVIPOF%20LEMONDE%20FJJ%20_Enque%CC%82te%20e%CC%81lectorale%202022%20vague%203-6%20juin%202022.pdf
IPSOS,03/06/2022,06/06/2022,sieges-bas,LR,30,Le Monde,11247,https://www.ipsos.com/sites/default/files/ct/news/documents/2022-06/Rapport%20Ipsos_CEVIPOF%20LEMONDE%20FJJ%20_Enque%CC%82te%20e%CC%81lectorale%202022%20vague%203-6%20juin%202022.pdf
IPSOS,03/06/2022,06/06/2022,sieges-bas,RN,20,Le Monde,11247,https://www.ipsos.com/sites/default/files/ct/news/documents/2022-06/Rapport%20Ipsos_CEVIPOF%20LEMONDE%20FJJ%20_Enque%CC%82te%20e%CC%81lectorale%202022%20vague%203-6%20juin%202022.pdf
IPSOS,03/06/2022,06/06/2022,sieges-bas,Autre,8,Le Monde,11247,https://www.ipsos.com/sites/default/files/ct/news/documents/2022-06/Rapport%20Ipsos_CEVIPOF%20LEMONDE%20FJJ%20_Enque%CC%82te%20e%CC%81lectorale%202022%20vague%203-6%20juin%202022.pdf
IPSOS,03/06/2022,06/06/2022,sieges-haut,NUPES,200,Le Monde,11247,https://www.ipsos.com/sites/default/files/ct/news/documents/2022-06/Rapport%20Ipsos_CEVIPOF%20LEMONDE%20FJJ%20_Enque%CC%82te%20e%CC%81lectorale%202022%20vague%203-6%20juin%202022.pdf
IPSOS,03/06/2022,06/06/2022,sieges-haut,DivG,18,Le Monde,11247,https://www.ipsos.com/sites/default/files/ct/news/documents/2022-06/Rapport%20Ipsos_CEVIPOF%20LEMONDE%20FJJ%20_Enque%CC%82te%20e%CC%81lectorale%202022%20vague%203-6%20juin%202022.pdf
IPSOS,03/06/2022,06/06/2022,sieges-haut,Ensemble,315,Le Monde,11247,https://www.ipsos.com/sites/default/files/ct/news/documents/2022-06/Rapport%20Ipsos_CEVIPOF%20LEMONDE%20FJJ%20_Enque%CC%82te%20e%CC%81lectorale%202022%20vague%203-6%20juin%202022.pdf
IPSOS,03/06/2022,06/06/2022,sieges-haut,LR,55,Le Monde,11247,https://www.ipsos.com/sites/default/files/ct/news/documents/2022-06/Rapport%20Ipsos_CEVIPOF%20LEMONDE%20FJJ%20_Enque%CC%82te%20e%CC%81lectorale%202022%20vague%203-6%20juin%202022.pdf
IPSOS,03/06/2022,06/06/2022,sieges-haut,RN,55,Le Monde,11247,https://www.ipsos.com/sites/default/files/ct/news/documents/2022-06/Rapport%20Ipsos_CEVIPOF%20LEMONDE%20FJJ%20_Enque%CC%82te%20e%CC%81lectorale%202022%20vague%203-6%20juin%202022.pdf
IPSOS,03/06/2022,06/06/2022,sieges-haut,Autre,18,Le Monde,11247,https://www.ipsos.com/sites/default/files/ct/news/documents/2022-06/Rapport%20Ipsos_CEVIPOF%20LEMONDE%20FJJ%20_Enque%CC%82te%20e%CC%81lectorale%202022%20vague%203-6%20juin%202022.pdf
IPSOS,06/06/2022,07/06/2022,score,ExtG,1,France TV,2000,https://www.ipsos.com/fr-fr/legislatives-2022/legislatives-la-majorite-presidentielle-pourrait-perdre-la-majorite-absolue-lassemblee-nationale
IPSOS,06/06/2022,07/06/2022,score,NUPES,28,France TV,2000,https://www.ipsos.com/fr-fr/legislatives-2022/legislatives-la-majorite-presidentielle-pourrait-perdre-la-majorite-absolue-lassemblee-nationale
IPSOS,06/06/2022,07/06/2022,score,DivG,2.5,France TV,2000,https://www.ipsos.com/fr-fr/legislatives-2022/legislatives-la-majorite-presidentielle-pourrait-perdre-la-majorite-absolue-lassemblee-nationale
IPSOS,06/06/2022,07/06/2022,score,DivEco,2.5,France TV,2000,https://www.ipsos.com/fr-fr/legislatives-2022/legislatives-la-majorite-presidentielle-pourrait-perdre-la-majorite-absolue-lassemblee-nationale
IPSOS,06/06/2022,07/06/2022,score,Ensemble,27,France TV,2000,https://www.ipsos.com/fr-fr/legislatives-2022/legislatives-la-majorite-presidentielle-pourrait-perdre-la-majorite-absolue-lassemblee-nationale
IPSOS,06/06/2022,07/06/2022,score,DivC,0.5,France TV,2000,https://www.ipsos.com/fr-fr/legislatives-2022/legislatives-la-majorite-presidentielle-pourrait-perdre-la-majorite-absolue-lassemblee-nationale
IPSOS,06/06/2022,07/06/2022,score,LR,11,France TV,2000,https://www.ipsos.com/fr-fr/legislatives-2022/legislatives-la-majorite-presidentielle-pourrait-perdre-la-majorite-absolue-lassemblee-nationale
IPSOS,06/06/2022,07/06/2022,score,DLF,1,France TV,2000,https://www.ipsos.com/fr-fr/legislatives-2022/legislatives-la-majorite-presidentielle-pourrait-perdre-la-majorite-absolue-lassemblee-nationale
IPSOS,06/06/2022,07/06/2022,score,RN,19.5,France TV,2000,https://www.ipsos.com/fr-fr/legislatives-2022/legislatives-la-majorite-presidentielle-pourrait-perdre-la-majorite-absolue-lassemblee-nationale
IPSOS,06/06/2022,07/06/2022,score,R,6,France TV,2000,https://www.ipsos.com/fr-fr/legislatives-2022/legislatives-la-majorite-presidentielle-pourrait-perdre-la-majorite-absolue-lassemblee-nationale
IPSOS,06/06/2022,07/06/2022,score,Autre,1,France TV,2000,https://www.ipsos.com/fr-fr/legislatives-2022/legislatives-la-majorite-presidentielle-pourrait-perdre-la-majorite-absolue-lassemblee-nationale
IPSOS,06/06/2022,07/06/2022,sieges-bas,NUPES,175,France TV,2000,https://www.ipsos.com/fr-fr/legislatives-2022/legislatives-la-majorite-presidentielle-pourrait-perdre-la-majorite-absolue-lassemblee-nationale
IPSOS,06/06/2022,07/06/2022,sieges-bas,DivG,10,France TV,2000,https://www.ipsos.com/fr-fr/legislatives-2022/legislatives-la-majorite-presidentielle-pourrait-perdre-la-majorite-absolue-lassemblee-nationale
IPSOS,06/06/2022,07/06/2022,sieges-bas,Ensemble,260,France TV,2000,https://www.ipsos.com/fr-fr/legislatives-2022/legislatives-la-majorite-presidentielle-pourrait-perdre-la-majorite-absolue-lassemblee-nationale
IPSOS,06/06/2022,07/06/2022,sieges-bas,LR,35,France TV,2000,https://www.ipsos.com/fr-fr/legislatives-2022/legislatives-la-majorite-presidentielle-pourrait-perdre-la-majorite-absolue-lassemblee-nationale
IPSOS,06/06/2022,07/06/2022,sieges-bas,RN,20,France TV,2000,https://www.ipsos.com/fr-fr/legislatives-2022/legislatives-la-majorite-presidentielle-pourrait-perdre-la-majorite-absolue-lassemblee-nationale
IPSOS,06/06/2022,07/06/2022,sieges-bas,Autre,5,France TV,2000,https://www.ipsos.com/fr-fr/legislatives-2022/legislatives-la-majorite-presidentielle-pourrait-perdre-la-majorite-absolue-lassemblee-nationale
IPSOS,06/06/2022,07/06/2022,sieges-haut,NUPES,215,France TV,2000,https://www.ipsos.com/fr-fr/legislatives-2022/legislatives-la-majorite-presidentielle-pourrait-perdre-la-majorite-absolue-lassemblee-nationale
IPSOS,06/06/2022,07/06/2022,sieges-haut,DivG,18,France TV,2000,https://www.ipsos.com/fr-fr/legislatives-2022/legislatives-la-majorite-presidentielle-pourrait-perdre-la-majorite-absolue-lassemblee-nationale
IPSOS,06/06/2022,07/06/2022,sieges-haut,Ensemble,300,France TV,2000,https://www.ipsos.com/fr-fr/legislatives-2022/legislatives-la-majorite-presidentielle-pourrait-perdre-la-majorite-absolue-lassemblee-nationale
IPSOS,06/06/2022,07/06/2022,sieges-haut,LR,55,France TV,2000,https://www.ipsos.com/fr-fr/legislatives-2022/legislatives-la-majorite-presidentielle-pourrait-perdre-la-majorite-absolue-lassemblee-nationale
IPSOS,06/06/2022,07/06/2022,sieges-haut,RN,50,France TV,2000,https://www.ipsos.com/fr-fr/legislatives-2022/legislatives-la-majorite-presidentielle-pourrait-perdre-la-majorite-absolue-lassemblee-nationale
IPSOS,06/06/2022,07/06/2022,sieges-haut,Autre,10,France TV,2000,https://www.ipsos.com/fr-fr/legislatives-2022/legislatives-la-majorite-presidentielle-pourrait-perdre-la-majorite-absolue-lassemblee-nationale
Cluster17,07/06/2022,09/06/2022,score,ExtG,0.5,,2608,https://twitter.com/Cluster_17/status/1535139704143765507/photo/1
Cluster17,07/06/2022,09/06/2022,score,NUPES,29.5,,2608,https://twitter.com/Cluster_17/status/1535139704143765507/photo/1
Cluster17,07/06/2022,09/06/2022,score,DivG,2.5,,2608,https://twitter.com/Cluster_17/status/1535139704143765507/photo/1
Cluster17,07/06/2022,09/06/2022,score,Ensemble,26,,2608,https://twitter.com/Cluster_17/status/1535139704143765507/photo/1
Cluster17,07/06/2022,09/06/2022,score,DivC,1,,2608,https://twitter.com/Cluster_17/status/1535139704143765507/photo/1
Cluster17,07/06/2022,09/06/2022,score,LR,10.5,,2608,https://twitter.com/Cluster_17/status/1535139704143765507/photo/1
Cluster17,07/06/2022,09/06/2022,score,DivD,1,,2608,https://twitter.com/Cluster_17/status/1535139704143765507/photo/1
Cluster17,07/06/2022,09/06/2022,score,DLF,1.5,,2608,https://twitter.com/Cluster_17/status/1535139704143765507/photo/1
Cluster17,07/06/2022,09/06/2022,score,RN,17.5,,2608,https://twitter.com/Cluster_17/status/1535139704143765507/photo/1
Cluster17,07/06/2022,09/06/2022,score,R,5.5,,2608,https://twitter.com/Cluster_17/status/1535139704143765507/photo/1
Cluster17,07/06/2022,09/06/2022,score,Autre,4.5,,2608,https://twitter.com/Cluster_17/status/1535139704143765507/photo/1
Elabe,08/06/2022,09/06/2022,score,ExtG,1.5,BFM,2000,https://www.bfmtv.com/politique/elections/legislatives/sondage-bfmtv-legislatives-ensemble-et-la-nupes-au-coude-a-coude-au-premier-tour_AN-202206100019.html
Elabe,08/06/2022,09/06/2022,score,NUPES,26.5,BFM,2000,https://www.bfmtv.com/politique/elections/legislatives/sondage-bfmtv-legislatives-ensemble-et-la-nupes-au-coude-a-coude-au-premier-tour_AN-202206100019.html
Elabe,08/06/2022,09/06/2022,score,DivG,3,BFM,2000,https://www.bfmtv.com/politique/elections/legislatives/sondage-bfmtv-legislatives-ensemble-et-la-nupes-au-coude-a-coude-au-premier-tour_AN-202206100019.html
Elabe,08/06/2022,09/06/2022,score,Ensemble,27,BFM,2000,https://www.bfmtv.com/politique/elections/legislatives/sondage-bfmtv-legislatives-ensemble-et-la-nupes-au-coude-a-coude-au-premier-tour_AN-202206100019.html
Elabe,08/06/2022,09/06/2022,score,LR,11,BFM,2000,https://www.bfmtv.com/politique/elections/legislatives/sondage-bfmtv-legislatives-ensemble-et-la-nupes-au-coude-a-coude-au-premier-tour_AN-202206100019.html
Elabe,08/06/2022,09/06/2022,score,DivD,1,BFM,2000,https://www.bfmtv.com/politique/elections/legislatives/sondage-bfmtv-legislatives-ensemble-et-la-nupes-au-coude-a-coude-au-premier-tour_AN-202206100019.html
Elabe,08/06/2022,09/06/2022,score,RN,19.5,BFM,2000,https://www.bfmtv.com/politique/elections/legislatives/sondage-bfmtv-legislatives-ensemble-et-la-nupes-au-coude-a-coude-au-premier-tour_AN-202206100019.html
Elabe,08/06/2022,09/06/2022,score,R,4.5,BFM,2000,https://www.bfmtv.com/politique/elections/legislatives/sondage-bfmtv-legislatives-ensemble-et-la-nupes-au-coude-a-coude-au-premier-tour_AN-202206100019.html
Elabe,08/06/2022,09/06/2022,score,DLF,1.5,BFM,2000,https://www.bfmtv.com/politique/elections/legislatives/sondage-bfmtv-legislatives-ensemble-et-la-nupes-au-coude-a-coude-au-premier-tour_AN-202206100019.html
Elabe,08/06/2022,09/06/2022,score,Autre,4.5,BFM,2000,https://www.bfmtv.com/politique/elections/legislatives/sondage-bfmtv-legislatives-ensemble-et-la-nupes-au-coude-a-coude-au-premier-tour_AN-202206100019.html
Elabe,08/06/2022,09/06/2022,sieges-bas,NUPES,165,BFM,2000,https://www.bfmtv.com/politique/elections/legislatives/sondage-bfmtv-legislatives-ensemble-et-la-nupes-au-coude-a-coude-au-premier-tour_AN-202206100019.html
Elabe,08/06/2022,09/06/2022,sieges-bas,Ensemble,280,BFM,2000,https://www.bfmtv.com/politique/elections/legislatives/sondage-bfmtv-legislatives-ensemble-et-la-nupes-au-coude-a-coude-au-premier-tour_AN-202206100019.html
Elabe,08/06/2022,09/06/2022,sieges-bas,LR,40,BFM,2000,https://www.bfmtv.com/politique/elections/legislatives/sondage-bfmtv-legislatives-ensemble-et-la-nupes-au-coude-a-coude-au-premier-tour_AN-202206100019.html
Elabe,08/06/2022,09/06/2022,sieges-bas,RN,25,BFM,2000,https://www.bfmtv.com/politique/elections/legislatives/sondage-bfmtv-legislatives-ensemble-et-la-nupes-au-coude-a-coude-au-premier-tour_AN-202206100019.html
Elabe,08/06/2022,09/06/2022,sieges-bas,Autre,10,BFM,2000,https://www.bfmtv.com/politique/elections/legislatives/sondage-bfmtv-legislatives-ensemble-et-la-nupes-au-coude-a-coude-au-premier-tour_AN-202206100019.html
Elabe,08/06/2022,09/06/2022,sieges-haut,NUPES,190,BFM,2000,https://www.bfmtv.com/politique/elections/legislatives/sondage-bfmtv-legislatives-ensemble-et-la-nupes-au-coude-a-coude-au-premier-tour_AN-202206100019.html
Elabe,08/06/2022,09/06/2022,sieges-haut,Ensemble,320,BFM,2000,https://www.bfmtv.com/politique/elections/legislatives/sondage-bfmtv-legislatives-ensemble-et-la-nupes-au-coude-a-coude-au-premier-tour_AN-202206100019.html
Elabe,08/06/2022,09/06/2022,sieges-haut,LR,60,BFM,2000,https://www.bfmtv.com/politique/elections/legislatives/sondage-bfmtv-legislatives-ensemble-et-la-nupes-au-coude-a-coude-au-premier-tour_AN-202206100019.html
Elabe,08/06/2022,09/06/2022,sieges-haut,RN,50,BFM,2000,https://www.bfmtv.com/politique/elections/legislatives/sondage-bfmtv-legislatives-ensemble-et-la-nupes-au-coude-a-coude-au-premier-tour_AN-202206100019.html
Elabe,08/06/2022,09/06/2022,sieges-haut,Autre,15,BFM,2000,https://www.bfmtv.com/politique/elections/legislatives/sondage-bfmtv-legislatives-ensemble-et-la-nupes-au-coude-a-coude-au-premier-tour_AN-202206100019.html
